Order ID,Order Date,Customer Age,Gender,Country,Product Category,Quantity,Unit Price,Total Price,Payment Method,Customer Satisfaction,Returned
1,2023-01-01,56,Male,USA,Home,1,114.2,114.2,Cash,5,0
2,2023-01-02,69,Male,Canada,Toys,5,22.63,113.14999999999999,Credit Card,3,0
3,2023-01-03,46,Male,France,Sports,5,155.64,778.1999999999999,Debit Card,5,0
4,2023-01-04,32,Female,Australia,Electronics,7,120.91,846.37,Credit Card,3,0
5,2023-01-05,60,Male,France,Toys,4,158.57,634.28,Debit Card,2,1
6,2023-01-06,25,Male,UK,Toys,3,152.83,458.49,Cash,3,1
7,2023-01-07,38,Male,Canada,Electronics,1,162.57,162.57,Bank Transfer,2,1
8,2023-01-08,56,Female,UK,Home,8,108.42,867.36,PayPal,2,0
9,2023-01-09,36,Female,Canada,Electronics,3,36.66,109.97999999999999,Credit Card,4,0
10,2023-01-10,40,Male,UK,Toys,2,137.52,275.04,Cash,2,0
11,2023-01-11,28,Male,France,Home,4,127.89,511.56,Bank Transfer,3,1
12,2023-01-12,28,Male,France,Home,3,151.03,453.09000000000003,Cash,4,0
13,2023-01-13,41,Male,USA,Electronics,1,42.28,42.28,Credit Card,4,0
14,2023-01-14,53,Female,Australia,Toys,3,47.05,141.14999999999998,PayPal,2,0
15,2023-01-15,57,Female,UK,Sports,2,179.18,358.36,Cash,5,0
16,2023-01-16,41,Female,Germany,Toys,8,152.5,1220.0,Debit Card,5,0
17,2023-01-17,20,Female,USA,Apparel,6,182.56,1095.3600000000001,Bank Transfer,4,1
18,2023-01-18,39,Male,UK,Beauty,9,154.16,1387.44,Cash,2,1
19,2023-01-19,19,Male,UK,Sports,8,123.46,987.68,Bank Transfer,5,0
20,2023-01-20,41,Male,USA,Home,3,134.29,402.87,Debit Card,2,0
21,2023-01-21,61,Female,France,Sports,5,178.93,894.6500000000001,PayPal,2,1
22,2023-01-22,47,Male,UK,Home,7,119.97,839.79,PayPal,4,0
23,2023-01-23,55,Female,France,Home,5,130.15,650.75,Debit Card,4,0
24,2023-01-24,19,Female,USA,Sports,8,39.73,317.84,Bank Transfer,1,0
25,2023-01-25,38,Male,France,Home,5,100.05,500.25,Cash,5,0
26,2023-01-26,50,Male,Canada,Home,1,146.12,146.12,Debit Card,5,0
27,2023-01-27,29,Male,Germany,Apparel,5,61.48,307.4,Credit Card,5,0
28,2023-01-28,39,Female,UK,Toys,4,48.43,193.72,Bank Transfer,3,0
29,2023-01-29,61,Male,Australia,Toys,6,69.63,417.78,PayPal,2,0
30,2023-01-30,42,Female,Germany,Beauty,3,55.89,167.67000000000002,Debit Card,4,1
31,2023-01-31,66,Male,France,Beauty,5,50.83,254.14999999999998,PayPal,5,1
32,2023-02-01,44,Female,UK,Apparel,2,90.72,181.44,Bank Transfer,1,1
33,2023-02-02,59,Female,France,Beauty,6,182.49,1094.94,PayPal,5,0
34,2023-02-03,45,Male,Canada,Sports,6,106.34,638.04,Debit Card,2,0
35,2023-02-04,33,Female,USA,Electronics,5,45.7,228.5,Bank Transfer,2,0
36,2023-02-05,32,Female,UK,Electronics,6,24.62,147.72,Credit Card,4,1
37,2023-02-06,64,Male,Canada,Electronics,7,142.27,995.8900000000001,Debit Card,3,0
38,2023-02-07,68,Female,Canada,Apparel,5,82.73,413.65000000000003,Cash,4,0
39,2023-02-08,61,Male,UK,Apparel,1,166.15,166.15,Debit Card,5,0
40,2023-02-09,69,Female,France,Home,8,135.31,1082.48,Bank Transfer,1,0
41,2023-02-10,20,Male,Australia,Electronics,4,161.29,645.16,Debit Card,4,0
42,2023-02-11,54,Male,Canada,Sports,9,61.67,555.03,Credit Card,3,1
43,2023-02-12,68,Female,Germany,Beauty,6,141.55,849.3000000000001,Credit Card,4,1
44,2023-02-13,24,Female,Canada,Sports,1,60.17,60.17,Cash,2,0
45,2023-02-14,38,Female,Australia,Beauty,3,188.42,565.26,PayPal,5,1
46,2023-02-15,26,Female,France,Electronics,3,130.91,392.73,Bank Transfer,5,0
47,2023-02-16,56,Female,France,Electronics,4,71.66,286.64,Bank Transfer,5,0
48,2023-02-17,35,Male,Germany,Electronics,6,61.21,367.26,PayPal,5,0
49,2023-02-18,21,Female,Canada,Apparel,7,46.28,323.96000000000004,Credit Card,5,0
50,2023-02-19,42,Male,France,Beauty,4,141.98,567.92,Credit Card,5,0
51,2023-02-20,31,Male,Australia,Apparel,6,51.56,309.36,Debit Card,1,1
52,2023-02-21,67,Female,UK,Apparel,1,123.11,123.11,Cash,3,0
53,2023-02-22,26,Male,USA,Toys,8,60.28,482.24,Cash,5,0
54,2023-02-23,43,Male,USA,Sports,7,135.77,950.3900000000001,Cash,3,0
55,2023-02-24,19,Male,USA,Sports,9,164.84,1483.56,Debit Card,5,1
56,2023-02-25,37,Male,Canada,Home,3,157.82,473.46,Cash,4,0
57,2023-02-26,45,Female,Germany,Apparel,2,154.56,309.12,PayPal,5,0
58,2023-02-27,64,Male,France,Beauty,1,45.67,45.67,Debit Card,2,0
59,2023-02-28,24,Female,UK,Toys,3,26.79,80.37,PayPal,1,0
60,2023-03-01,61,Female,Australia,Toys,5,142.8,714.0,Debit Card,4,0
61,2023-03-02,25,Male,UK,Sports,2,79.99,159.98,Cash,4,0
62,2023-03-03,64,Female,Australia,Apparel,3,92.15,276.45000000000005,PayPal,2,0
63,2023-03-04,52,Female,Canada,Home,4,15.92,63.68,PayPal,5,0
64,2023-03-05,31,Female,USA,Apparel,7,59.32,415.24,PayPal,1,1
65,2023-03-06,34,Male,Canada,Electronics,3,16.4,49.199999999999996,Debit Card,4,0
66,2023-03-07,53,Female,Germany,Apparel,9,177.05,1593.45,Bank Transfer,1,0
67,2023-03-08,67,Female,Germany,Electronics,8,56.25,450.0,Cash,4,1
68,2023-03-09,57,Female,Australia,Electronics,4,115.89,463.56,PayPal,5,0
69,2023-03-10,21,Male,France,Home,1,17.41,17.41,Bank Transfer,4,1
70,2023-03-11,19,Female,France,Beauty,1,136.7,136.7,Cash,4,0
71,2023-03-12,23,Male,Australia,Sports,1,71.38,71.38,Cash,3,0
72,2023-03-13,59,Male,Germany,Apparel,1,180.6,180.6,PayPal,5,0
73,2023-03-14,21,Male,Germany,Electronics,8,178.74,1429.92,PayPal,2,1
74,2023-03-15,46,Male,Germany,Apparel,3,71.81,215.43,Debit Card,2,0
75,2023-03-16,35,Male,Canada,Beauty,6,181.18,1087.08,Bank Transfer,5,0
76,2023-03-17,43,Male,Germany,Sports,3,199.27,597.8100000000001,Bank Transfer,2,1
77,2023-03-18,61,Female,UK,Beauty,5,166.83,834.1500000000001,PayPal,5,0
78,2023-03-19,51,Male,USA,Sports,7,170.53,1193.71,Cash,2,0
79,2023-03-20,27,Female,Germany,Toys,2,57.31,114.62,PayPal,3,0
80,2023-03-21,53,Female,Australia,Sports,6,119.57,717.42,Cash,2,0
81,2023-03-22,31,Male,USA,Home,6,22.78,136.68,Cash,4,0
82,2023-03-23,48,Female,Canada,Beauty,3,28.03,84.09,PayPal,5,0
83,2023-03-24,65,Female,Australia,Electronics,6,199.79,1198.74,Credit Card,1,0
84,2023-03-25,32,Female,USA,Toys,5,72.06,360.3,Bank Transfer,1,0
85,2023-03-26,25,Female,Australia,Home,2,152.15,304.3,Cash,5,1
86,2023-03-27,31,Male,Canada,Apparel,9,163.27,1469.43,Cash,3,1
87,2023-03-28,40,Female,UK,Beauty,8,173.02,1384.16,Credit Card,2,0
88,2023-03-29,57,Male,Canada,Electronics,3,199.55,598.6500000000001,Debit Card,3,1
89,2023-03-30,38,Female,Canada,Sports,8,55.88,447.04,Credit Card,1,0
90,2023-03-31,33,Female,Australia,Electronics,9,17.67,159.03000000000003,Credit Card,5,0
91,2023-04-01,62,Male,France,Apparel,3,88.13,264.39,Cash,5,0
92,2023-04-02,35,Female,Germany,Toys,3,34.72,104.16,Bank Transfer,3,0
93,2023-04-03,64,Female,Germany,Toys,2,14.26,28.52,Credit Card,3,0
94,2023-04-04,41,Female,UK,Beauty,8,78.48,627.84,Debit Card,2,1
95,2023-04-05,43,Male,UK,Toys,1,158.91,158.91,PayPal,4,0
96,2023-04-06,42,Female,Germany,Beauty,8,117.57,940.56,Credit Card,4,1
97,2023-04-07,62,Male,France,Beauty,7,69.43,486.01000000000005,Credit Card,2,0
98,2023-04-08,58,Female,Germany,Beauty,7,134.32,940.24,Debit Card,4,0
99,2023-04-09,46,Male,France,Sports,3,54.08,162.24,Bank Transfer,1,0
100,2023-04-10,32,Male,UK,Home,1,12.73,12.73,Credit Card,4,0
101,2023-04-11,62,Female,USA,Beauty,4,155.23,620.92,Credit Card,2,0
102,2023-04-12,18,Female,Australia,Beauty,9,128.51,1156.59,Bank Transfer,4,0
103,2023-04-13,42,Male,UK,Home,5,154.84,774.2,Debit Card,5,0
104,2023-04-14,24,Male,UK,Electronics,1,17.4,17.4,Credit Card,3,0
105,2023-04-15,26,Female,Canada,Beauty,5,169.05,845.25,Bank Transfer,1,0
106,2023-04-16,41,Male,Canada,Sports,8,127.71,1021.68,Credit Card,5,0
107,2023-04-17,18,Female,Canada,Toys,8,117.05,936.4,PayPal,5,1
108,2023-04-18,61,Female,Australia,Toys,5,128.68,643.4000000000001,Cash,2,0
109,2023-04-19,25,Female,Canada,Apparel,9,174.24,1568.16,PayPal,3,0
110,2023-04-20,41,Female,France,Apparel,1,121.52,121.52,Credit Card,3,1
111,2023-04-21,28,Male,Germany,Toys,4,120.38,481.52,Debit Card,1,0
112,2023-04-22,68,Female,USA,Toys,3,198.23,594.6899999999999,Cash,2,0
113,2023-04-23,34,Male,UK,Sports,2,153.78,307.56,PayPal,1,1
114,2023-04-24,25,Female,France,Home,8,94.04,752.32,Bank Transfer,4,0
115,2023-04-25,52,Male,USA,Apparel,7,144.41,1010.87,Debit Card,5,0
116,2023-04-26,52,Female,France,Home,9,83.95,755.5500000000001,PayPal,1,0
117,2023-04-27,50,Male,France,Sports,2,53.49,106.98,Bank Transfer,5,1
118,2023-04-28,22,Male,UK,Toys,4,123.4,493.6,Credit Card,2,1
119,2023-04-29,59,Female,Germany,Beauty,6,186.35,1118.1,Bank Transfer,4,0
120,2023-04-30,56,Female,Canada,Home,3,186.54,559.62,PayPal,2,0
121,2023-05-01,58,Female,Australia,Toys,8,74.96,599.68,PayPal,4,0
122,2023-05-02,45,Female,Germany,Toys,3,110.26,330.78000000000003,Credit Card,4,0
123,2023-05-03,24,Male,Australia,Electronics,2,50.21,100.42,Bank Transfer,5,0
124,2023-05-04,26,Female,UK,Home,3,199.17,597.51,Bank Transfer,2,0
125,2023-05-05,25,Male,UK,Beauty,6,196.41,1178.46,Credit Card,2,1
126,2023-05-06,29,Male,UK,Home,2,133.41,266.82,Bank Transfer,1,1
127,2023-05-07,51,Female,USA,Toys,8,162.84,1302.72,Credit Card,2,0
128,2023-05-08,50,Male,Australia,Beauty,1,145.87,145.87,Debit Card,1,0
129,2023-05-09,65,Male,Germany,Sports,7,122.7,858.9,PayPal,3,0
130,2023-05-10,40,Male,Germany,Electronics,2,20.14,40.28,Debit Card,3,0
131,2023-05-11,41,Male,France,Toys,6,96.41,578.46,Cash,3,0
132,2023-05-12,54,Female,France,Apparel,2,138.21,276.42,Cash,2,1
133,2023-05-13,52,Female,France,Apparel,2,138.73,277.46,Cash,2,0
134,2023-05-14,61,Female,UK,Electronics,8,80.89,647.12,Credit Card,1,0
135,2023-05-15,57,Female,Germany,Sports,2,188.92,377.84,Bank Transfer,4,0
136,2023-05-16,39,Male,Australia,Toys,7,41.8,292.59999999999997,Debit Card,1,0
137,2023-05-17,44,Male,UK,Home,3,105.07,315.21,Debit Card,3,0
138,2023-05-18,52,Female,USA,Electronics,8,141.27,1130.16,Debit Card,1,0
139,2023-05-19,18,Female,France,Sports,7,142.46,997.22,Debit Card,4,0
140,2023-05-20,52,Female,UK,Home,8,133.24,1065.92,Cash,2,1
141,2023-05-21,54,Male,UK,Apparel,7,62.3,436.09999999999997,Debit Card,1,0
142,2023-05-22,64,Female,USA,Apparel,6,39.68,238.07999999999998,Bank Transfer,3,0
143,2023-05-23,31,Female,Canada,Home,7,130.83,915.8100000000001,Cash,3,0
144,2023-05-24,20,Female,Germany,Electronics,5,123.87,619.35,Debit Card,2,0
145,2023-05-25,18,Male,Australia,Apparel,7,44.08,308.56,Credit Card,1,0
146,2023-05-26,22,Male,Canada,Toys,1,143.98,143.98,PayPal,4,0
147,2023-05-27,43,Male,France,Beauty,1,96.48,96.48,PayPal,2,0
148,2023-05-28,31,Male,UK,Home,9,136.87,1231.83,PayPal,1,0
149,2023-05-29,56,Male,USA,Home,5,169.1,845.5,Cash,5,0
150,2023-05-30,44,Male,USA,Apparel,5,42.25,211.25,Debit Card,3,0
151,2023-05-31,26,Male,Germany,Electronics,3,13.64,40.92,Cash,4,1
152,2023-06-01,32,Male,Canada,Toys,5,158.03,790.15,Bank Transfer,4,0
153,2023-06-02,32,Female,Germany,Electronics,3,125.84,377.52,Credit Card,4,0
154,2023-06-03,43,Female,UK,Sports,9,142.93,1286.3700000000001,Credit Card,3,0
155,2023-06-04,59,Male,Germany,Sports,9,169.25,1523.25,PayPal,1,0
156,2023-06-05,30,Male,Australia,Beauty,6,162.53,975.1800000000001,PayPal,2,1
157,2023-06-06,68,Female,USA,Apparel,1,192.57,192.57,PayPal,1,0
158,2023-06-07,49,Male,USA,Apparel,7,111.83,782.81,Debit Card,2,1
159,2023-06-08,56,Male,France,Apparel,7,102.81,719.6700000000001,Bank Transfer,4,1
160,2023-06-09,66,Male,France,Beauty,4,86.36,345.44,Bank Transfer,1,0
161,2023-06-10,69,Female,UK,Sports,8,39.2,313.6,Bank Transfer,4,0
162,2023-06-11,49,Female,Australia,Electronics,6,118.8,712.8,Bank Transfer,5,0
163,2023-06-12,21,Female,Canada,Beauty,4,62.63,250.52,PayPal,4,1
164,2023-06-13,47,Female,Germany,Beauty,4,185.05,740.2,Credit Card,4,0
165,2023-06-14,54,Female,UK,Electronics,2,120.81,241.62,PayPal,2,0
166,2023-06-15,40,Male,France,Apparel,2,122.64,245.28,Bank Transfer,5,0
167,2023-06-16,56,Female,Germany,Toys,4,77.44,309.76,PayPal,4,0
168,2023-06-17,62,Male,France,Electronics,5,19.88,99.39999999999999,Bank Transfer,4,0
169,2023-06-18,32,Male,Germany,Sports,8,16.03,128.24,Cash,5,0
170,2023-06-19,60,Female,Canada,Home,6,90.43,542.58,Credit Card,5,0
171,2023-06-20,46,Female,UK,Home,4,26.07,104.28,Cash,1,1
172,2023-06-21,53,Male,Germany,Beauty,7,125.3,877.1,Debit Card,2,0
173,2023-06-22,30,Male,Australia,Home,8,177.38,1419.04,PayPal,5,0
174,2023-06-23,49,Male,USA,Toys,2,177.75,355.5,Debit Card,5,0
175,2023-06-24,24,Female,Australia,Apparel,7,135.22,946.54,PayPal,3,0
176,2023-06-25,68,Female,Australia,Sports,2,50.13,100.26,Cash,5,0
177,2023-06-26,39,Female,USA,Toys,2,173.97,347.94,Bank Transfer,2,0
178,2023-06-27,45,Female,Australia,Sports,8,178.36,1426.88,Bank Transfer,4,0
179,2023-06-28,19,Female,Germany,Sports,2,47.36,94.72,PayPal,4,0
180,2023-06-29,59,Male,Germany,Apparel,9,150.11,1350.9900000000002,Bank Transfer,4,0
181,2023-06-30,62,Female,Germany,Beauty,1,64.44,64.44,Cash,4,0
182,2023-07-01,23,Male,USA,Home,9,162.5,1462.5,Bank Transfer,3,0
183,2023-07-02,45,Male,Australia,Apparel,1,199.48,199.48,Cash,5,0
184,2023-07-03,45,Male,USA,Toys,2,15.7,31.4,Debit Card,4,0
185,2023-07-04,61,Female,Germany,Beauty,6,180.5,1083.0,Cash,1,0
186,2023-07-05,61,Female,Australia,Toys,6,128.3,769.8000000000001,Credit Card,4,0
187,2023-07-06,37,Female,Australia,Beauty,1,194.94,194.94,Credit Card,5,0
188,2023-07-07,47,Male,France,Toys,7,98.35,688.4499999999999,Credit Card,4,1
189,2023-07-08,28,Male,France,Apparel,8,171.0,1368.0,PayPal,3,1
190,2023-07-09,45,Male,Canada,Beauty,2,21.85,43.7,PayPal,2,0
191,2023-07-10,42,Male,UK,Beauty,8,73.7,589.6,PayPal,2,0
192,2023-07-11,56,Male,France,Sports,9,22.73,204.57,Cash,5,1
193,2023-07-12,50,Male,USA,Sports,6,195.32,1171.92,PayPal,2,0
194,2023-07-13,18,Female,France,Electronics,5,165.23,826.15,Debit Card,2,0
195,2023-07-14,44,Female,Canada,Toys,9,171.98,1547.82,Credit Card,1,1
196,2023-07-15,69,Female,Australia,Sports,9,188.21,1693.89,Cash,5,0
197,2023-07-16,30,Female,Canada,Electronics,1,26.17,26.17,Credit Card,5,0
198,2023-07-17,58,Male,Australia,Sports,3,83.26,249.78000000000003,PayPal,2,0
199,2023-07-18,20,Male,Australia,Toys,9,23.5,211.5,Cash,2,0
200,2023-07-19,56,Female,UK,Beauty,2,50.05,100.1,Bank Transfer,2,0
201,2023-07-20,23,Male,France,Home,4,53.58,214.32,Debit Card,3,0
202,2023-07-21,25,Female,USA,Toys,4,99.13,396.52,PayPal,4,0
203,2023-07-22,44,Female,USA,Apparel,2,61.03,122.06,PayPal,3,0
204,2023-07-23,26,Female,Germany,Sports,3,29.19,87.57000000000001,Debit Card,5,0
205,2023-07-24,54,Male,Australia,Sports,3,41.82,125.46000000000001,Debit Card,1,0
206,2023-07-25,50,Female,USA,Beauty,1,37.98,37.98,Bank Transfer,4,0
207,2023-07-26,68,Female,UK,Apparel,6,194.88,1169.28,PayPal,1,0
208,2023-07-27,59,Female,Australia,Beauty,8,154.27,1234.16,PayPal,5,0
209,2023-07-28,61,Male,UK,Apparel,3,193.87,581.61,Credit Card,5,1
210,2023-07-29,41,Male,USA,Home,5,93.55,467.75,Cash,1,0
211,2023-07-30,32,Female,USA,Sports,1,62.89,62.89,Cash,1,0
212,2023-07-31,49,Male,Germany,Sports,7,161.68,1131.76,Credit Card,1,0
213,2023-08-01,49,Male,USA,Home,1,71.99,71.99,Cash,5,0
214,2023-08-02,41,Male,Australia,Electronics,9,66.88,601.92,Debit Card,2,0
215,2023-08-03,58,Male,Australia,Beauty,8,54.18,433.44,Cash,1,0
216,2023-08-04,69,Male,Australia,Home,7,34.64,242.48000000000002,Cash,4,0
217,2023-08-05,66,Male,Germany,Beauty,7,58.73,411.10999999999996,Credit Card,5,0
218,2023-08-06,66,Male,Germany,Toys,5,77.51,387.55,Bank Transfer,3,1
219,2023-08-07,69,Male,USA,Sports,5,138.06,690.3,Cash,3,1
220,2023-08-08,29,Male,Canada,Beauty,5,21.89,109.45,Cash,4,0
221,2023-08-09,56,Male,Canada,Apparel,1,50.0,50.0,Bank Transfer,2,0
222,2023-08-10,19,Female,Germany,Beauty,8,163.71,1309.68,Credit Card,1,0
223,2023-08-11,20,Female,USA,Toys,1,37.92,37.92,Bank Transfer,5,0
224,2023-08-12,66,Male,Canada,Sports,4,75.1,300.4,Credit Card,1,0
225,2023-08-13,54,Female,USA,Home,9,174.29,1568.61,Debit Card,5,0
226,2023-08-14,66,Female,USA,Toys,9,39.44,354.96,Credit Card,3,1
227,2023-08-15,34,Male,USA,Sports,5,25.72,128.6,Debit Card,1,0
228,2023-08-16,66,Male,France,Beauty,4,102.06,408.24,Debit Card,4,0
229,2023-08-17,19,Male,Australia,Electronics,3,67.46,202.38,Credit Card,2,0
230,2023-08-18,19,Female,USA,Electronics,3,117.05,351.15,PayPal,4,0
231,2023-08-19,45,Female,France,Apparel,5,162.72,813.6,Credit Card,2,0
232,2023-08-20,40,Male,Germany,Sports,1,36.06,36.06,Cash,1,0
233,2023-08-21,54,Male,Canada,Electronics,5,120.33,601.65,Cash,1,1
234,2023-08-22,49,Male,Australia,Home,6,106.05,636.3,PayPal,2,0
235,2023-08-23,50,Female,Canada,Sports,7,37.37,261.59,Debit Card,3,0
236,2023-08-24,18,Female,Australia,Home,9,128.56,1157.04,PayPal,5,1
237,2023-08-25,36,Female,Canada,Home,3,61.99,185.97,Cash,4,0
238,2023-08-26,19,Female,Australia,Electronics,2,102.69,205.38,PayPal,4,0
239,2023-08-27,61,Male,Canada,Sports,3,25.63,76.89,Credit Card,4,0
240,2023-08-28,43,Male,Canada,Beauty,9,97.32,875.8799999999999,PayPal,1,0
241,2023-08-29,49,Male,Canada,Toys,7,68.23,477.61,Debit Card,4,0
242,2023-08-30,23,Male,Canada,Electronics,9,166.25,1496.25,Credit Card,5,0
243,2023-08-31,49,Female,Germany,Electronics,2,20.83,41.66,Bank Transfer,5,1
244,2023-09-01,21,Female,USA,Beauty,5,89.54,447.70000000000005,Cash,2,0
245,2023-09-02,28,Male,UK,Sports,4,97.1,388.4,Cash,1,0
246,2023-09-03,34,Male,France,Sports,2,147.75,295.5,PayPal,5,0
247,2023-09-04,55,Female,UK,Home,9,119.11,1071.99,Credit Card,3,0
248,2023-09-05,41,Male,UK,Beauty,9,136.77,1230.93,Bank Transfer,1,0
249,2023-09-06,22,Female,Australia,Beauty,6,157.64,945.8399999999999,Credit Card,1,0
250,2023-09-07,69,Male,USA,Sports,6,173.82,1042.92,Cash,5,0
251,2023-09-08,51,Male,Australia,Home,8,69.64,557.12,Credit Card,3,0
252,2023-09-09,23,Male,USA,Electronics,6,112.22,673.3199999999999,Bank Transfer,2,1
253,2023-09-10,39,Male,USA,Apparel,1,169.62,169.62,PayPal,5,0
254,2023-09-11,28,Male,Canada,Toys,4,198.0,792.0,Debit Card,3,0
255,2023-09-12,65,Male,Germany,Electronics,7,179.01,1253.07,Credit Card,1,1
256,2023-09-13,33,Male,Canada,Sports,2,80.58,161.16,Debit Card,3,0
257,2023-09-14,50,Female,Germany,Toys,9,47.08,423.71999999999997,Cash,1,0
258,2023-09-15,26,Female,Australia,Apparel,8,102.98,823.84,PayPal,5,1
259,2023-09-16,23,Female,Germany,Apparel,8,150.91,1207.28,PayPal,5,0
260,2023-09-17,33,Female,Australia,Home,7,103.59,725.13,Credit Card,4,0
261,2023-09-18,46,Female,UK,Toys,4,101.8,407.2,PayPal,4,0
262,2023-09-19,20,Male,UK,Home,2,169.26,338.52,Credit Card,4,0
263,2023-09-20,37,Male,Germany,Electronics,3,78.67,236.01,Credit Card,5,0
264,2023-09-21,53,Female,Germany,Beauty,6,173.36,1040.16,Debit Card,2,0
265,2023-09-22,36,Male,Australia,Beauty,5,87.29,436.45000000000005,PayPal,5,0
266,2023-09-23,43,Female,Canada,Beauty,8,72.36,578.88,Credit Card,3,0
267,2023-09-24,20,Female,Australia,Toys,6,96.26,577.5600000000001,Debit Card,5,0
268,2023-09-25,36,Male,Canada,Beauty,6,154.86,929.1600000000001,Bank Transfer,5,0
269,2023-09-26,37,Male,UK,Electronics,1,33.94,33.94,Debit Card,1,1
270,2023-09-27,49,Male,USA,Home,4,47.32,189.28,Debit Card,1,0
271,2023-09-28,24,Female,Germany,Toys,5,190.77,953.85,Credit Card,1,1
272,2023-09-29,69,Male,Canada,Home,3,43.34,130.02,Cash,5,0
273,2023-09-30,58,Female,Australia,Toys,9,117.87,1060.83,Cash,2,0
274,2023-10-01,50,Female,UK,Home,1,120.07,120.07,Cash,3,0
275,2023-10-02,57,Female,Canada,Apparel,6,103.03,618.1800000000001,Debit Card,3,0
276,2023-10-03,56,Male,Australia,Home,6,132.5,795.0,Credit Card,2,0
277,2023-10-04,35,Male,Germany,Beauty,5,53.67,268.35,PayPal,2,0
278,2023-10-05,57,Female,Germany,Apparel,5,115.01,575.0500000000001,Debit Card,3,0
279,2023-10-06,18,Male,France,Home,5,80.71,403.54999999999995,Debit Card,4,0
280,2023-10-07,28,Male,USA,Toys,6,135.72,814.3199999999999,Credit Card,1,0
281,2023-10-08,45,Male,France,Toys,8,36.83,294.64,Bank Transfer,1,0
282,2023-10-09,42,Female,UK,Toys,2,118.47,236.94,Debit Card,3,0
283,2023-10-10,67,Female,Canada,Sports,6,45.2,271.20000000000005,Bank Transfer,2,0
284,2023-10-11,40,Male,UK,Electronics,1,62.94,62.94,Bank Transfer,4,0
285,2023-10-12,48,Female,Australia,Toys,4,51.55,206.2,Cash,3,0
286,2023-10-13,47,Male,Germany,Apparel,3,44.74,134.22,Credit Card,1,0
287,2023-10-14,59,Male,France,Toys,9,166.89,1502.0099999999998,Bank Transfer,5,1
288,2023-10-15,52,Male,France,Sports,3,64.28,192.84,Credit Card,2,0
289,2023-10-16,24,Male,France,Beauty,6,186.15,1116.9,Cash,5,0
290,2023-10-17,33,Female,UK,Apparel,1,194.29,194.29,Credit Card,3,0
291,2023-10-18,43,Female,Germany,Sports,6,118.54,711.24,Debit Card,1,1
292,2023-10-19,65,Female,Canada,Beauty,4,37.17,148.68,Bank Transfer,4,0
293,2023-10-20,69,Male,Australia,Apparel,8,81.16,649.28,Credit Card,5,1
294,2023-10-21,66,Male,Canada,Home,9,161.57,1454.1299999999999,PayPal,4,0
295,2023-10-22,19,Male,UK,Electronics,4,79.8,319.2,Credit Card,1,0
296,2023-10-23,18,Female,Australia,Electronics,6,26.53,159.18,Bank Transfer,5,1
297,2023-10-24,65,Male,France,Sports,1,115.79,115.79,Cash,4,0
298,2023-10-25,29,Female,USA,Beauty,4,170.57,682.28,Cash,4,0
299,2023-10-26,22,Female,UK,Electronics,7,161.23,1128.61,Bank Transfer,5,0
300,2023-10-27,54,Female,UK,Beauty,1,43.27,43.27,Debit Card,1,1
301,2023-10-28,49,Female,Germany,Beauty,8,137.83,1102.64,Debit Card,4,0
302,2023-10-29,26,Female,Canada,Sports,6,51.9,311.4,Cash,3,0
303,2023-10-30,58,Female,UK,Sports,5,51.46,257.3,Cash,5,0
304,2023-10-31,52,Male,UK,Sports,9,176.07,1584.6299999999999,Bank Transfer,2,0
305,2023-11-01,36,Male,France,Electronics,2,57.44,114.88,Debit Card,2,1
306,2023-11-02,65,Female,France,Sports,5,60.02,300.1,Cash,1,0
307,2023-11-03,33,Female,Australia,Electronics,6,10.12,60.72,Debit Card,3,0
308,2023-11-04,20,Male,USA,Sports,7,175.43,1228.01,Cash,4,1
309,2023-11-05,37,Female,Germany,Toys,5,160.59,802.95,Credit Card,2,0
310,2023-11-06,41,Female,USA,Beauty,9,129.19,1162.71,PayPal,1,0
311,2023-11-07,50,Male,Australia,Sports,1,152.55,152.55,Credit Card,3,0
312,2023-11-08,41,Female,France,Apparel,7,38.89,272.23,Cash,3,0
313,2023-11-09,69,Female,Canada,Beauty,7,97.08,679.56,PayPal,1,0
314,2023-11-10,28,Female,France,Beauty,4,76.73,306.92,PayPal,1,0
315,2023-11-11,66,Male,Germany,Sports,9,27.82,250.38,Cash,4,0
316,2023-11-12,25,Male,France,Home,5,102.36,511.8,Cash,1,0
317,2023-11-13,53,Male,Germany,Sports,4,184.94,739.76,Debit Card,4,1
318,2023-11-14,55,Female,Germany,Beauty,7,17.61,123.27,Cash,4,0
319,2023-11-15,57,Female,Germany,Apparel,4,65.38,261.52,Bank Transfer,5,0
320,2023-11-16,37,Male,Australia,Beauty,3,49.43,148.29,Cash,3,0
321,2023-11-17,52,Female,Germany,Apparel,9,55.25,497.25,Bank Transfer,3,1
322,2023-11-18,65,Female,Germany,Electronics,8,182.6,1460.8,Cash,3,0
323,2023-11-19,42,Female,Canada,Toys,1,98.93,98.93,Debit Card,5,0
324,2023-11-20,52,Female,USA,Beauty,7,98.6,690.1999999999999,Bank Transfer,4,0
325,2023-11-21,42,Female,UK,Sports,9,154.51,1390.59,Credit Card,4,0
326,2023-11-22,46,Male,USA,Electronics,8,39.35,314.8,Bank Transfer,1,0
327,2023-11-23,35,Female,Germany,Toys,8,102.58,820.64,Debit Card,5,0
328,2023-11-24,63,Male,Canada,Sports,6,91.7,550.2,Bank Transfer,1,0
329,2023-11-25,35,Female,France,Home,4,123.41,493.64,Cash,5,1
330,2023-11-26,19,Male,Canada,Sports,8,199.92,1599.36,Cash,1,0
331,2023-11-27,52,Female,Germany,Apparel,3,156.2,468.59999999999997,Debit Card,2,0
332,2023-11-28,33,Male,Canada,Apparel,9,85.59,770.3100000000001,PayPal,3,0
333,2023-11-29,58,Female,Canada,Home,2,167.24,334.48,Cash,3,0
334,2023-11-30,53,Male,Germany,Electronics,2,42.43,84.86,Credit Card,4,0
335,2023-12-01,50,Female,Australia,Toys,7,15.79,110.53,Debit Card,2,0
336,2023-12-02,21,Male,Canada,Sports,4,48.85,195.4,Bank Transfer,3,0
337,2023-12-03,50,Female,UK,Apparel,8,74.68,597.44,Bank Transfer,4,0
338,2023-12-04,31,Male,UK,Electronics,9,107.01,963.09,Credit Card,2,0
339,2023-12-05,38,Male,Canada,Home,7,126.87,888.09,Cash,3,0
340,2023-12-06,65,Female,Australia,Beauty,5,183.02,915.1,Debit Card,1,0
341,2023-12-07,37,Female,France,Apparel,8,106.87,854.96,Credit Card,5,0
342,2023-12-08,25,Male,Germany,Home,4,105.24,420.96,Cash,2,0
343,2023-12-09,24,Female,UK,Sports,2,19.55,39.1,Debit Card,4,0
344,2023-12-10,20,Male,France,Toys,6,16.63,99.78,Bank Transfer,2,0
345,2023-12-11,34,Male,Canada,Apparel,9,114.72,1032.48,Debit Card,4,1
346,2023-12-12,50,Male,France,Apparel,1,93.25,93.25,PayPal,2,0
347,2023-12-13,65,Female,USA,Sports,7,169.44,1186.08,Debit Card,4,0
348,2023-12-14,29,Male,UK,Beauty,9,40.53,364.77,PayPal,3,0
349,2023-12-15,68,Male,Canada,Electronics,9,14.74,132.66,Debit Card,1,0
350,2023-12-16,39,Female,Germany,Toys,3,95.32,285.96,PayPal,3,0
351,2023-12-17,39,Female,Australia,Apparel,5,55.12,275.59999999999997,Bank Transfer,1,1
352,2023-12-18,63,Female,Canada,Toys,8,19.43,155.44,Cash,3,0
353,2023-12-19,47,Female,Germany,Apparel,8,147.67,1181.36,PayPal,3,1
354,2023-12-20,55,Male,Australia,Toys,4,31.2,124.8,PayPal,2,1
355,2023-12-21,55,Male,Australia,Home,1,125.58,125.58,Bank Transfer,5,0
356,2023-12-22,62,Male,Canada,Apparel,1,63.4,63.4,PayPal,4,0
357,2023-12-23,68,Male,France,Toys,4,42.96,171.84,Credit Card,4,0
358,2023-12-24,25,Female,France,Electronics,6,82.15,492.90000000000003,Bank Transfer,4,0
359,2023-12-25,44,Male,Australia,Home,8,162.27,1298.16,Credit Card,1,1
360,2023-12-26,44,Male,France,Home,6,84.5,507.0,Bank Transfer,4,0
361,2023-12-27,51,Female,USA,Electronics,9,152.65,1373.8500000000001,PayPal,4,1
362,2023-12-28,38,Male,Australia,Toys,9,33.84,304.56000000000006,Credit Card,2,0
363,2023-12-29,47,Male,Australia,Sports,2,156.83,313.66,PayPal,3,1
364,2023-12-30,50,Male,Germany,Electronics,1,55.02,55.02,Bank Transfer,4,1
365,2023-12-31,45,Male,France,Toys,2,138.7,277.4,PayPal,5,0
366,2024-01-01,64,Male,Australia,Electronics,5,117.5,587.5,Credit Card,4,0
367,2024-01-02,50,Male,USA,Electronics,4,186.54,746.16,Credit Card,1,0
368,2024-01-03,22,Female,Germany,Apparel,4,83.59,334.36,PayPal,1,1
369,2024-01-04,65,Female,Canada,Toys,9,22.57,203.13,Debit Card,1,1
370,2024-01-05,36,Male,Australia,Sports,8,13.64,109.12,Bank Transfer,4,0
371,2024-01-06,21,Male,USA,Apparel,6,167.1,1002.5999999999999,Bank Transfer,2,0
372,2024-01-07,52,Female,UK,Electronics,1,109.7,109.7,PayPal,5,0
373,2024-01-08,66,Male,USA,Beauty,2,157.3,314.6,Debit Card,4,1
374,2024-01-09,34,Male,USA,Electronics,6,54.54,327.24,Credit Card,2,0
375,2024-01-10,61,Male,Germany,Electronics,2,75.57,151.14,Cash,2,1
376,2024-01-11,45,Female,Canada,Toys,5,15.72,78.60000000000001,Cash,4,0
377,2024-01-12,47,Male,UK,Toys,5,192.68,963.4000000000001,PayPal,4,0
378,2024-01-13,46,Female,France,Apparel,6,136.89,821.3399999999999,Debit Card,2,0
379,2024-01-14,63,Male,France,Sports,6,187.31,1123.8600000000001,Debit Card,2,0
380,2024-01-15,23,Female,USA,Apparel,6,60.44,362.64,Bank Transfer,2,0
381,2024-01-16,52,Female,Germany,Home,2,126.18,252.36,Credit Card,4,0
382,2024-01-17,58,Male,Germany,Electronics,3,138.91,416.73,Debit Card,2,0
383,2024-01-18,54,Female,France,Beauty,6,70.33,421.98,Cash,1,0
384,2024-01-19,41,Male,UK,Electronics,8,171.14,1369.12,Credit Card,4,0
385,2024-01-20,46,Female,Canada,Electronics,1,189.96,189.96,Credit Card,1,0
386,2024-01-21,66,Male,UK,Apparel,1,178.12,178.12,PayPal,3,1
387,2024-01-22,63,Male,Australia,Beauty,2,150.42,300.84,Debit Card,4,0
388,2024-01-23,48,Female,Australia,Beauty,6,62.72,376.32,PayPal,3,1
389,2024-01-24,52,Male,Canada,Beauty,9,63.51,571.59,Debit Card,2,0
390,2024-01-25,50,Male,France,Apparel,4,193.04,772.16,Bank Transfer,2,0
391,2024-01-26,69,Female,Canada,Electronics,3,11.95,35.849999999999994,PayPal,5,0
392,2024-01-27,38,Male,Germany,Apparel,8,146.05,1168.4,PayPal,2,0
393,2024-01-28,49,Male,Australia,Toys,9,144.19,1297.71,Cash,3,0
394,2024-01-29,40,Female,USA,Toys,5,128.31,641.55,PayPal,2,0
395,2024-01-30,50,Female,USA,Apparel,9,198.12,1783.08,Debit Card,4,0
396,2024-01-31,20,Male,France,Beauty,2,69.26,138.52,Cash,2,0
397,2024-02-01,35,Male,Germany,Electronics,3,74.59,223.77,PayPal,5,0
398,2024-02-02,42,Female,UK,Apparel,7,25.0,175.0,PayPal,2,0
399,2024-02-03,59,Female,Germany,Apparel,7,94.13,658.91,Bank Transfer,3,0
400,2024-02-04,48,Male,USA,Apparel,6,59.6,357.6,PayPal,3,0
401,2024-02-05,20,Female,USA,Home,6,75.24,451.43999999999994,Credit Card,2,0
402,2024-02-06,57,Male,Australia,Toys,2,168.57,337.14,Cash,3,0
403,2024-02-07,63,Male,Germany,Beauty,6,187.74,1126.44,Credit Card,3,0
404,2024-02-08,41,Male,Germany,Sports,4,45.29,181.16,Cash,5,1
405,2024-02-09,67,Male,USA,Beauty,3,80.78,242.34,Bank Transfer,4,1
406,2024-02-10,49,Male,UK,Sports,2,186.44,372.88,PayPal,5,0
407,2024-02-11,64,Female,France,Home,1,21.74,21.74,PayPal,1,0
408,2024-02-12,39,Female,France,Apparel,5,27.55,137.75,PayPal,5,0
409,2024-02-13,40,Female,Germany,Home,2,40.93,81.86,Cash,2,0
410,2024-02-14,19,Female,France,Home,2,123.09,246.18,PayPal,4,0
411,2024-02-15,44,Male,USA,Electronics,7,38.59,270.13,Credit Card,2,0
412,2024-02-16,59,Male,USA,Toys,8,193.93,1551.44,PayPal,1,0
413,2024-02-17,19,Male,Germany,Sports,8,94.88,759.04,Bank Transfer,4,0
414,2024-02-18,43,Male,Germany,Apparel,4,105.29,421.16,Credit Card,3,0
415,2024-02-19,34,Female,Australia,Sports,1,56.87,56.87,PayPal,5,0
416,2024-02-20,57,Male,Germany,Beauty,7,99.48,696.36,PayPal,2,0
417,2024-02-21,50,Male,UK,Sports,1,135.76,135.76,Debit Card,1,0
418,2024-02-22,26,Female,France,Beauty,4,152.72,610.88,Cash,3,0
419,2024-02-23,60,Female,Germany,Toys,8,153.23,1225.84,Credit Card,5,0
420,2024-02-24,65,Female,Canada,Beauty,2,119.8,239.6,Debit Card,3,0
421,2024-02-25,56,Female,Australia,Sports,6,181.83,1090.98,Bank Transfer,5,0
422,2024-02-26,46,Male,Canada,Sports,6,165.31,991.86,Cash,4,0
423,2024-02-27,59,Male,USA,Beauty,9,153.84,1384.56,Credit Card,3,1
424,2024-02-28,43,Female,France,Home,5,20.57,102.85,PayPal,3,0
425,2024-02-29,52,Male,Germany,Toys,4,11.31,45.24,Credit Card,3,1
426,2024-03-01,67,Male,Canada,Electronics,5,50.36,251.8,PayPal,4,0
427,2024-03-02,42,Male,France,Apparel,5,136.07,680.3499999999999,Cash,1,0
428,2024-03-03,41,Female,USA,Sports,8,88.13,705.04,PayPal,5,0
429,2024-03-04,30,Male,UK,Apparel,8,86.46,691.68,Bank Transfer,3,0
430,2024-03-05,24,Female,Australia,Electronics,2,178.07,356.14,PayPal,4,0
431,2024-03-06,53,Male,France,Apparel,7,180.16,1261.12,Bank Transfer,1,0
432,2024-03-07,62,Male,France,Electronics,8,182.74,1461.92,Cash,5,0
433,2024-03-08,37,Male,UK,Beauty,6,69.64,417.84000000000003,Cash,4,1
434,2024-03-09,18,Female,France,Home,5,141.3,706.5,Credit Card,5,0
435,2024-03-10,25,Male,USA,Sports,9,61.61,554.49,Bank Transfer,3,0
436,2024-03-11,63,Female,USA,Electronics,3,46.22,138.66,Bank Transfer,1,0
437,2024-03-12,33,Female,UK,Apparel,4,45.08,180.32,Debit Card,4,0
438,2024-03-13,31,Female,Australia,Sports,9,75.0,675.0,Debit Card,1,1
439,2024-03-14,29,Male,Germany,Home,6,91.69,550.14,Debit Card,3,1
440,2024-03-15,68,Male,Canada,Beauty,8,167.88,1343.04,PayPal,1,1
441,2024-03-16,40,Male,Germany,Sports,7,32.78,229.46,Debit Card,1,0
442,2024-03-17,32,Male,France,Electronics,2,149.64,299.28,Bank Transfer,2,0
443,2024-03-18,45,Female,Canada,Home,3,110.98,332.94,PayPal,1,0
444,2024-03-19,51,Female,UK,Apparel,1,64.71,64.71,Cash,5,1
445,2024-03-20,19,Female,UK,Home,9,103.64,932.76,Credit Card,4,0
446,2024-03-21,49,Male,Australia,Home,7,66.99,468.92999999999995,Debit Card,2,0
447,2024-03-22,40,Female,Canada,Toys,1,123.26,123.26,Cash,4,0
448,2024-03-23,39,Male,USA,Home,3,92.43,277.29,Bank Transfer,4,0
449,2024-03-24,68,Female,Canada,Home,4,41.24,164.96,Credit Card,3,0
450,2024-03-25,42,Male,France,Sports,4,32.15,128.6,Cash,3,0
451,2024-03-26,39,Male,USA,Apparel,5,113.87,569.35,Credit Card,2,1
452,2024-03-27,39,Female,UK,Sports,3,181.46,544.38,Debit Card,3,1
453,2024-03-28,66,Female,Canada,Sports,3,75.35,226.04999999999998,Bank Transfer,3,0
454,2024-03-29,69,Female,Germany,Electronics,1,149.27,149.27,Credit Card,3,0
455,2024-03-30,59,Female,Australia,Sports,7,135.15,946.0500000000001,Cash,4,1
456,2024-03-31,23,Male,Germany,Toys,1,187.0,187.0,Debit Card,2,1
457,2024-04-01,32,Female,Australia,Toys,2,165.99,331.98,Debit Card,4,0
458,2024-04-02,60,Female,France,Electronics,4,117.65,470.6,Cash,5,0
459,2024-04-03,54,Female,Germany,Beauty,4,134.84,539.36,Cash,4,0
460,2024-04-04,50,Male,Canada,Apparel,5,180.69,903.45,Credit Card,5,1
461,2024-04-05,25,Male,Canada,Apparel,2,85.91,171.82,PayPal,1,0
462,2024-04-06,61,Female,Germany,Sports,4,72.09,288.36,Debit Card,1,0
463,2024-04-07,61,Male,Canada,Sports,1,12.05,12.05,Credit Card,5,0
464,2024-04-08,22,Female,France,Beauty,2,167.04,334.08,Cash,5,1
465,2024-04-09,56,Male,USA,Sports,1,162.19,162.19,Credit Card,4,0
466,2024-04-10,21,Male,France,Apparel,4,29.85,119.4,Cash,5,0
467,2024-04-11,23,Male,Australia,Home,4,119.6,478.4,Bank Transfer,2,0
468,2024-04-12,62,Male,France,Toys,7,98.16,687.12,Cash,1,0
469,2024-04-13,49,Female,Australia,Home,9,32.55,292.95,Cash,1,0
470,2024-04-14,69,Female,Canada,Home,9,196.31,1766.79,Cash,5,0
471,2024-04-15,47,Female,USA,Apparel,5,50.79,253.95,PayPal,3,0
472,2024-04-16,64,Male,Canada,Home,1,22.77,22.77,Cash,3,1
473,2024-04-17,52,Female,UK,Beauty,1,123.02,123.02,Debit Card,5,0
474,2024-04-18,57,Female,Canada,Electronics,6,150.38,902.28,Debit Card,2,0
475,2024-04-19,69,Female,Australia,Sports,2,16.16,32.32,Credit Card,3,0
476,2024-04-20,33,Male,Canada,Electronics,8,135.16,1081.28,PayPal,5,0
477,2024-04-21,30,Male,Canada,Toys,9,111.14,1000.26,Credit Card,2,0
478,2024-04-22,67,Male,USA,Sports,4,29.62,118.48,Debit Card,2,1
479,2024-04-23,59,Female,Canada,Home,5,42.78,213.9,Debit Card,4,0
480,2024-04-24,47,Female,USA,Toys,8,117.92,943.36,Bank Transfer,2,0
481,2024-04-25,36,Female,Germany,Sports,3,66.31,198.93,Cash,3,1
482,2024-04-26,34,Male,UK,Beauty,5,188.28,941.4,Debit Card,3,0
483,2024-04-27,36,Male,USA,Beauty,3,165.56,496.68,Credit Card,5,1
484,2024-04-28,45,Female,Australia,Beauty,3,196.88,590.64,Credit Card,5,0
485,2024-04-29,43,Male,Germany,Beauty,3,59.34,178.02,Cash,2,0
486,2024-04-30,54,Male,USA,Home,7,194.25,1359.75,Cash,1,0
487,2024-05-01,43,Male,USA,Electronics,7,91.93,643.51,Bank Transfer,4,0
488,2024-05-02,40,Male,UK,Sports,7,76.03,532.21,PayPal,1,0
489,2024-05-03,26,Female,Australia,Home,8,19.57,156.56,Credit Card,2,0
490,2024-05-04,29,Male,France,Beauty,5,20.03,100.15,Cash,2,0
491,2024-05-05,18,Male,France,Electronics,5,141.48,707.4,Credit Card,1,1
492,2024-05-06,18,Male,USA,Toys,4,97.01,388.04,Cash,4,0
493,2024-05-07,64,Male,Canada,Toys,7,53.04,371.28,Debit Card,1,1
494,2024-05-08,51,Female,Australia,Toys,4,126.65,506.6,Credit Card,5,0
495,2024-05-09,49,Female,Germany,Beauty,2,58.04,116.08,Debit Card,3,0
496,2024-05-10,65,Male,Canada,Toys,4,119.75,479.0,Credit Card,5,0
497,2024-05-11,42,Male,Canada,Apparel,8,78.25,626.0,PayPal,3,0
498,2024-05-12,57,Male,Australia,Sports,9,166.47,1498.23,Bank Transfer,2,1
499,2024-05-13,62,Male,USA,Sports,3,165.93,497.79,Debit Card,4,0
500,2024-05-14,18,Male,USA,Beauty,7,100.7,704.9,Cash,1,0
501,2024-05-15,33,Male,USA,Apparel,9,76.66,689.9399999999999,PayPal,4,0
502,2024-05-16,56,Female,USA,Home,4,78.89,315.56,Credit Card,1,0
503,2024-05-17,22,Male,France,Home,3,163.09,489.27,Debit Card,5,0
504,2024-05-18,39,Female,USA,Toys,5,72.35,361.75,Credit Card,5,0
505,2024-05-19,46,Female,France,Electronics,1,49.72,49.72,Credit Card,1,0
506,2024-05-20,20,Male,France,Home,3,26.09,78.27,Credit Card,4,0
507,2024-05-21,29,Female,USA,Electronics,8,98.67,789.36,Bank Transfer,1,0
508,2024-05-22,43,Female,UK,Sports,8,101.61,812.88,Bank Transfer,2,0
509,2024-05-23,33,Female,Germany,Electronics,4,169.77,679.08,Cash,5,0
510,2024-05-24,68,Female,Canada,Sports,2,52.04,104.08,Debit Card,2,1
511,2024-05-25,54,Female,France,Apparel,8,82.39,659.12,PayPal,5,0
512,2024-05-26,39,Female,Australia,Apparel,8,163.6,1308.8,PayPal,5,0
513,2024-05-27,46,Male,Australia,Beauty,4,166.49,665.96,PayPal,3,0
514,2024-05-28,31,Female,Germany,Beauty,3,83.08,249.24,Credit Card,2,0
515,2024-05-29,45,Female,Australia,Toys,2,97.23,194.46,Bank Transfer,2,1
516,2024-05-30,22,Female,UK,Home,9,67.62,608.58,Debit Card,3,0
517,2024-05-31,64,Male,Australia,Toys,1,187.19,187.19,Credit Card,4,0
518,2024-06-01,66,Female,Canada,Sports,7,32.54,227.78,Bank Transfer,2,0
519,2024-06-02,47,Male,Canada,Toys,5,187.41,937.05,Bank Transfer,1,0
520,2024-06-03,63,Female,France,Electronics,8,139.93,1119.44,Debit Card,3,0
521,2024-06-04,69,Male,USA,Sports,4,111.0,444.0,Debit Card,2,0
522,2024-06-05,22,Male,UK,Beauty,7,16.21,113.47,Debit Card,4,0
523,2024-06-06,29,Female,France,Apparel,5,100.36,501.8,Credit Card,2,0
524,2024-06-07,33,Female,UK,Beauty,5,87.47,437.35,Cash,5,0
525,2024-06-08,43,Male,USA,Home,9,40.63,365.67,Debit Card,1,0
526,2024-06-09,43,Female,Australia,Sports,9,134.72,1212.48,Cash,3,0
527,2024-06-10,65,Male,Australia,Sports,9,194.52,1750.68,Credit Card,5,0
528,2024-06-11,38,Male,USA,Electronics,6,116.82,700.92,Cash,4,0
529,2024-06-12,56,Male,France,Home,6,145.8,874.8000000000001,PayPal,5,0
530,2024-06-13,53,Male,USA,Apparel,5,23.01,115.05000000000001,Cash,5,0
531,2024-06-14,50,Male,Germany,Sports,9,89.36,804.24,Debit Card,4,0
532,2024-06-15,47,Female,Canada,Sports,8,32.11,256.88,Credit Card,5,1
533,2024-06-16,54,Male,France,Electronics,7,126.43,885.01,Debit Card,3,1
534,2024-06-17,40,Male,UK,Toys,7,188.31,1318.17,PayPal,2,0
535,2024-06-18,27,Female,Germany,Apparel,6,135.74,814.44,Debit Card,5,0
536,2024-06-19,22,Male,France,Beauty,5,24.59,122.95,Debit Card,3,0
537,2024-06-20,53,Female,USA,Home,4,77.39,309.56,Debit Card,2,0
538,2024-06-21,51,Female,USA,Sports,3,114.63,343.89,Bank Transfer,2,0
539,2024-06-22,69,Female,USA,Sports,3,86.61,259.83,PayPal,5,0
540,2024-06-23,48,Male,USA,Beauty,6,168.39,1010.3399999999999,Debit Card,3,1
541,2024-06-24,27,Male,UK,Apparel,4,164.79,659.16,Debit Card,5,0
542,2024-06-25,36,Male,Germany,Toys,6,126.25,757.5,Debit Card,4,0
543,2024-06-26,49,Female,Australia,Sports,3,80.96,242.88,Credit Card,2,0
544,2024-06-27,18,Male,Canada,Apparel,4,58.51,234.04,Bank Transfer,5,0
545,2024-06-28,22,Female,UK,Beauty,9,30.12,271.08,Credit Card,2,0
546,2024-06-29,62,Male,UK,Electronics,5,77.43,387.15000000000003,Bank Transfer,3,0
547,2024-06-30,21,Female,Australia,Toys,7,88.5,619.5,Debit Card,1,0
548,2024-07-01,33,Male,Australia,Home,2,138.41,276.82,PayPal,5,0
549,2024-07-02,41,Male,Canada,Sports,5,135.05,675.25,Cash,5,0
550,2024-07-03,33,Male,Canada,Apparel,9,23.32,209.88,Cash,2,0
551,2024-07-04,19,Female,Australia,Electronics,3,85.1,255.29999999999998,Debit Card,3,0
552,2024-07-05,66,Female,USA,Home,9,44.54,400.86,Credit Card,4,0
553,2024-07-06,45,Male,UK,Apparel,6,39.79,238.74,PayPal,3,0
554,2024-07-07,49,Male,France,Apparel,4,167.19,668.76,Bank Transfer,5,1
555,2024-07-08,44,Female,Canada,Home,7,17.96,125.72,Debit Card,4,0
556,2024-07-09,37,Female,Canada,Electronics,8,89.64,717.12,PayPal,3,1
557,2024-07-10,41,Female,Australia,Beauty,6,41.96,251.76,PayPal,1,1
558,2024-07-11,29,Male,Germany,Electronics,5,177.07,885.3499999999999,Bank Transfer,2,0
559,2024-07-12,67,Female,France,Toys,6,115.84,695.04,PayPal,3,0
560,2024-07-13,52,Male,France,Sports,5,53.96,269.8,Credit Card,3,1
561,2024-07-14,50,Female,Canada,Home,8,105.46,843.68,Credit Card,1,0
562,2024-07-15,50,Male,USA,Beauty,1,148.98,148.98,Credit Card,5,0
563,2024-07-16,68,Female,Germany,Home,7,192.04,1344.28,PayPal,2,1
564,2024-07-17,60,Female,France,Home,2,51.88,103.76,Credit Card,3,0
565,2024-07-18,54,Female,Canada,Electronics,9,178.37,1605.33,Bank Transfer,4,0
566,2024-07-19,29,Female,France,Sports,1,187.52,187.52,PayPal,3,0
567,2024-07-20,20,Female,Germany,Toys,6,184.12,1104.72,Cash,2,0
568,2024-07-21,18,Male,Germany,Apparel,9,130.73,1176.57,PayPal,3,0
569,2024-07-22,50,Female,UK,Apparel,1,129.67,129.67,Bank Transfer,1,0
570,2024-07-23,57,Female,Australia,Home,4,86.61,346.44,Cash,3,0
571,2024-07-24,27,Female,Australia,Sports,4,152.96,611.84,PayPal,3,0
572,2024-07-25,60,Male,Canada,Beauty,9,110.95,998.5500000000001,Credit Card,4,0
573,2024-07-26,61,Female,Germany,Electronics,5,138.71,693.5500000000001,Debit Card,1,0
574,2024-07-27,46,Male,UK,Sports,5,91.41,457.04999999999995,Debit Card,1,0
575,2024-07-28,30,Female,UK,Sports,6,148.98,893.8799999999999,Credit Card,3,0
576,2024-07-29,29,Female,France,Electronics,1,166.65,166.65,Debit Card,4,0
577,2024-07-30,48,Male,France,Home,1,37.82,37.82,Debit Card,3,0
578,2024-07-31,63,Female,UK,Sports,9,168.26,1514.34,Credit Card,3,1
579,2024-08-01,19,Male,France,Apparel,3,112.66,337.98,Credit Card,2,0
580,2024-08-02,68,Male,Germany,Electronics,4,170.49,681.96,PayPal,2,0
581,2024-08-03,67,Female,USA,Beauty,1,91.95,91.95,PayPal,4,0
582,2024-08-04,52,Male,Germany,Toys,9,82.02,738.18,Credit Card,5,1
583,2024-08-05,40,Female,UK,Home,8,183.86,1470.88,Bank Transfer,2,0
584,2024-08-06,34,Female,UK,Electronics,2,57.72,115.44,Debit Card,5,0
585,2024-08-07,43,Male,Germany,Toys,8,170.4,1363.2,PayPal,1,0
586,2024-08-08,25,Male,France,Toys,7,101.96,713.7199999999999,Debit Card,2,0
587,2024-08-09,46,Male,France,Beauty,6,107.68,646.08,Cash,2,0
588,2024-08-10,43,Male,Australia,Sports,1,68.61,68.61,Credit Card,4,0
589,2024-08-11,27,Female,UK,Beauty,7,118.88,832.16,Bank Transfer,5,0
590,2024-08-12,43,Female,Canada,Sports,7,71.79,502.53000000000003,Cash,2,1
591,2024-08-13,51,Male,Australia,Sports,9,17.46,157.14000000000001,Cash,2,0
592,2024-08-14,68,Female,France,Electronics,1,61.68,61.68,Cash,4,0
593,2024-08-15,58,Female,Germany,Electronics,2,11.21,22.42,Credit Card,4,0
594,2024-08-16,24,Female,France,Home,9,195.89,1763.0099999999998,PayPal,5,1
595,2024-08-17,21,Female,Germany,Sports,9,193.49,1741.41,Credit Card,1,0
596,2024-08-18,67,Male,Australia,Toys,6,85.08,510.48,PayPal,1,1
597,2024-08-19,62,Male,UK,Apparel,6,148.39,890.3399999999999,Cash,3,1
598,2024-08-20,28,Female,France,Home,4,75.7,302.8,Cash,2,0
599,2024-08-21,46,Male,Germany,Electronics,4,137.51,550.04,Bank Transfer,5,0
600,2024-08-22,53,Male,UK,Beauty,5,163.03,815.15,PayPal,2,0
601,2024-08-23,42,Male,Canada,Home,3,189.88,569.64,Cash,5,0
602,2024-08-24,38,Female,Germany,Home,1,86.04,86.04,Debit Card,5,0
603,2024-08-25,53,Female,Australia,Home,1,158.83,158.83,Bank Transfer,5,0
604,2024-08-26,27,Female,Canada,Home,7,60.53,423.71000000000004,Credit Card,2,1
605,2024-08-27,54,Male,Canada,Apparel,1,198.16,198.16,Bank Transfer,4,0
606,2024-08-28,26,Female,USA,Beauty,1,14.9,14.9,Debit Card,2,1
607,2024-08-29,41,Female,France,Beauty,3,124.67,374.01,PayPal,5,0
608,2024-08-30,52,Male,Germany,Beauty,4,135.31,541.24,Credit Card,3,0
609,2024-08-31,66,Female,Canada,Sports,4,140.73,562.92,Credit Card,1,1
610,2024-09-01,52,Female,USA,Toys,2,32.87,65.74,PayPal,5,0
611,2024-09-02,65,Male,Australia,Beauty,1,188.32,188.32,Bank Transfer,3,0
612,2024-09-03,53,Male,UK,Home,3,44.42,133.26,Cash,4,0
613,2024-09-04,35,Male,Germany,Home,4,128.32,513.28,Bank Transfer,5,0
614,2024-09-05,66,Female,Canada,Beauty,3,52.31,156.93,Debit Card,3,0
615,2024-09-06,56,Female,France,Beauty,8,68.37,546.96,Cash,5,0
616,2024-09-07,49,Female,USA,Home,1,113.83,113.83,Bank Transfer,2,0
617,2024-09-08,41,Male,Canada,Sports,2,89.27,178.54,PayPal,3,1
618,2024-09-09,40,Male,France,Electronics,7,40.44,283.08,Debit Card,2,0
619,2024-09-10,49,Female,Canada,Electronics,4,42.48,169.92,Debit Card,2,1
620,2024-09-11,54,Female,Germany,Beauty,8,89.45,715.6,Debit Card,3,0
621,2024-09-12,29,Male,Germany,Apparel,3,153.88,461.64,Cash,1,0
622,2024-09-13,66,Male,Germany,Beauty,6,180.61,1083.66,Credit Card,3,0
623,2024-09-14,30,Male,Australia,Beauty,9,25.98,233.82,Cash,1,0
624,2024-09-15,40,Male,Australia,Electronics,1,84.69,84.69,Bank Transfer,5,1
625,2024-09-16,42,Female,USA,Home,1,29.05,29.05,Credit Card,5,0
626,2024-09-17,52,Male,Germany,Beauty,8,13.15,105.2,Bank Transfer,3,0
627,2024-09-18,58,Female,France,Home,3,135.73,407.18999999999994,Credit Card,5,0
628,2024-09-19,47,Female,Canada,Home,5,124.47,622.35,Cash,4,0
629,2024-09-20,34,Female,UK,Apparel,1,40.97,40.97,Debit Card,2,1
630,2024-09-21,66,Male,France,Home,5,54.42,272.1,PayPal,2,1
631,2024-09-22,37,Male,Australia,Electronics,6,14.5,87.0,Debit Card,1,0
632,2024-09-23,65,Male,Australia,Sports,8,168.64,1349.12,Cash,5,0
633,2024-09-24,42,Male,France,Sports,3,195.19,585.5699999999999,Credit Card,1,0
634,2024-09-25,39,Female,Australia,Toys,3,35.74,107.22,Debit Card,2,0
635,2024-09-26,30,Male,Germany,Beauty,9,53.98,485.82,Cash,2,1
636,2024-09-27,36,Male,USA,Electronics,4,175.0,700.0,Bank Transfer,5,0
637,2024-09-28,66,Female,Canada,Home,4,186.03,744.12,PayPal,4,0
638,2024-09-29,53,Male,USA,Sports,7,89.73,628.11,Debit Card,4,0
639,2024-09-30,29,Female,Canada,Electronics,2,19.62,39.24,Credit Card,5,1
640,2024-10-01,58,Female,Canada,Sports,8,17.48,139.84,Bank Transfer,5,0
641,2024-10-02,36,Female,USA,Home,6,119.05,714.3,Cash,1,0
642,2024-10-03,29,Female,France,Sports,3,84.65,253.95000000000002,PayPal,5,0
643,2024-10-04,26,Female,Canada,Beauty,9,15.44,138.96,Credit Card,4,0
644,2024-10-05,24,Female,USA,Beauty,5,120.82,604.0999999999999,Cash,5,0
645,2024-10-06,45,Female,Canada,Toys,8,12.15,97.2,Cash,1,0
646,2024-10-07,31,Female,UK,Toys,7,159.6,1117.2,Debit Card,1,0
647,2024-10-08,48,Male,France,Sports,8,68.22,545.76,Debit Card,1,0
648,2024-10-09,69,Male,Germany,Electronics,7,17.65,123.54999999999998,Credit Card,1,0
649,2024-10-10,36,Male,Canada,Beauty,3,121.79,365.37,Cash,3,0
650,2024-10-11,64,Male,UK,Electronics,2,85.56,171.12,Debit Card,5,0
651,2024-10-12,33,Female,Germany,Electronics,7,195.02,1365.14,PayPal,2,0
652,2024-10-13,22,Male,Germany,Sports,3,113.4,340.20000000000005,PayPal,5,0
653,2024-10-14,52,Female,Canada,Electronics,3,62.3,186.89999999999998,Cash,3,0
654,2024-10-15,29,Male,USA,Beauty,2,144.79,289.58,Debit Card,1,1
655,2024-10-16,42,Male,Canada,Home,4,61.58,246.32,Credit Card,3,0
656,2024-10-17,69,Male,UK,Toys,8,181.81,1454.48,Credit Card,4,0
657,2024-10-18,38,Female,Germany,Home,1,81.2,81.2,Credit Card,4,0
658,2024-10-19,53,Male,Canada,Electronics,1,114.48,114.48,PayPal,5,0
659,2024-10-20,40,Female,USA,Home,5,19.61,98.05,Debit Card,5,0
660,2024-10-21,33,Female,Canada,Beauty,5,90.96,454.79999999999995,Debit Card,2,1
661,2024-10-22,56,Male,France,Beauty,1,168.15,168.15,PayPal,2,0
662,2024-10-23,62,Male,USA,Electronics,6,163.07,978.42,Credit Card,4,0
663,2024-10-24,59,Male,UK,Sports,1,52.62,52.62,Credit Card,1,0
664,2024-10-25,56,Female,Germany,Home,5,52.96,264.8,Cash,3,0
665,2024-10-26,31,Male,Canada,Sports,9,165.29,1487.61,Bank Transfer,2,0
666,2024-10-27,48,Female,USA,Sports,5,186.78,933.9,Debit Card,2,0
667,2024-10-28,22,Female,France,Apparel,6,28.12,168.72,Debit Card,1,0
668,2024-10-29,52,Male,USA,Electronics,8,95.51,764.08,Debit Card,1,0
669,2024-10-30,40,Male,Australia,Toys,1,74.12,74.12,Bank Transfer,5,1
670,2024-10-31,46,Female,France,Beauty,2,175.43,350.86,Cash,3,1
671,2024-11-01,60,Female,UK,Beauty,9,25.87,232.83,Bank Transfer,1,0
672,2024-11-02,28,Female,Germany,Electronics,3,50.11,150.32999999999998,Credit Card,2,0
673,2024-11-03,35,Male,UK,Toys,6,152.97,917.8199999999999,Credit Card,2,1
674,2024-11-04,64,Female,Canada,Beauty,5,19.75,98.75,Debit Card,4,0
675,2024-11-05,29,Male,USA,Electronics,2,103.58,207.16,PayPal,1,0
676,2024-11-06,26,Female,Australia,Beauty,7,94.0,658.0,Debit Card,5,1
677,2024-11-07,27,Female,France,Sports,4,73.54,294.16,PayPal,3,1
678,2024-11-08,61,Male,France,Home,1,84.97,84.97,Bank Transfer,5,0
679,2024-11-09,34,Female,USA,Home,4,110.69,442.76,Credit Card,2,0
680,2024-11-10,55,Male,Australia,Beauty,6,40.66,243.95999999999998,PayPal,5,0
681,2024-11-11,24,Male,USA,Apparel,7,118.68,830.76,Bank Transfer,2,0
682,2024-11-12,63,Female,Canada,Toys,7,163.03,1141.21,Credit Card,2,0
683,2024-11-13,30,Male,UK,Toys,7,154.43,1081.01,PayPal,2,0
684,2024-11-14,57,Male,France,Toys,3,39.24,117.72,Debit Card,2,0
685,2024-11-15,59,Female,Canada,Sports,6,38.36,230.16,Debit Card,2,0
686,2024-11-16,26,Male,UK,Toys,8,60.95,487.6,Debit Card,4,0
687,2024-11-17,67,Male,Canada,Home,4,78.6,314.4,Bank Transfer,5,0
688,2024-11-18,44,Male,Australia,Sports,8,87.61,700.88,Debit Card,4,0
689,2024-11-19,19,Female,France,Electronics,2,139.14,278.28,Cash,4,0
690,2024-11-20,22,Male,USA,Toys,9,20.77,186.93,Credit Card,1,1
691,2024-11-21,46,Female,USA,Toys,9,16.59,149.31,Bank Transfer,1,0
692,2024-11-22,54,Female,UK,Electronics,8,84.46,675.68,Debit Card,1,0
693,2024-11-23,55,Male,Germany,Toys,1,142.46,142.46,Credit Card,3,1
694,2024-11-24,36,Male,Australia,Electronics,2,46.75,93.5,PayPal,1,0
695,2024-11-25,25,Male,UK,Sports,6,131.89,791.3399999999999,Debit Card,5,0
696,2024-11-26,65,Female,Germany,Home,5,59.37,296.84999999999997,Credit Card,4,1
697,2024-11-27,62,Male,Canada,Electronics,9,178.36,1605.2400000000002,Cash,5,0
698,2024-11-28,18,Male,Australia,Apparel,5,180.18,900.9000000000001,PayPal,1,0
699,2024-11-29,39,Male,Canada,Electronics,2,66.48,132.96,Cash,3,0
700,2024-11-30,69,Male,France,Toys,4,53.7,214.8,Credit Card,3,0
701,2024-12-01,34,Male,Australia,Sports,9,88.15,793.35,Cash,4,1
702,2024-12-02,24,Female,Germany,Beauty,1,55.7,55.7,Credit Card,5,1
703,2024-12-03,42,Female,France,Sports,1,137.75,137.75,Credit Card,2,0
704,2024-12-04,62,Male,USA,Beauty,7,166.95,1168.6499999999999,Cash,5,0
705,2024-12-05,21,Male,Germany,Electronics,3,137.89,413.66999999999996,Credit Card,1,0
706,2024-12-06,53,Male,UK,Home,2,166.63,333.26,Debit Card,2,0
707,2024-12-07,23,Male,USA,Apparel,9,85.43,768.8700000000001,Credit Card,3,0
708,2024-12-08,48,Female,USA,Sports,3,39.7,119.10000000000001,Bank Transfer,4,0
709,2024-12-09,36,Male,UK,Toys,2,150.21,300.42,Credit Card,4,0
710,2024-12-10,61,Female,Australia,Beauty,8,78.49,627.92,Bank Transfer,3,0
711,2024-12-11,56,Female,USA,Toys,6,137.54,825.24,Credit Card,1,0
712,2024-12-12,44,Male,Germany,Home,6,61.42,368.52,Credit Card,3,0
713,2024-12-13,27,Female,France,Beauty,7,25.43,178.01,Cash,1,0
714,2024-12-14,43,Female,USA,Sports,7,198.59,1390.13,Debit Card,2,0
715,2024-12-15,36,Female,Germany,Electronics,6,39.68,238.07999999999998,Debit Card,3,0
716,2024-12-16,56,Female,Canada,Toys,4,197.8,791.2,PayPal,1,0
717,2024-12-17,20,Male,Germany,Home,9,195.68,1761.1200000000001,Cash,2,0
718,2024-12-18,62,Male,France,Sports,6,160.83,964.98,Cash,3,0
719,2024-12-19,30,Female,Germany,Sports,4,135.29,541.16,Debit Card,4,1
720,2024-12-20,67,Male,UK,Sports,3,119.78,359.34000000000003,Cash,3,0
721,2024-12-21,45,Male,France,Sports,4,174.56,698.24,Debit Card,5,0
722,2024-12-22,37,Male,Australia,Beauty,3,64.99,194.96999999999997,Cash,3,0
723,2024-12-23,45,Male,Canada,Sports,2,98.86,197.72,Credit Card,5,0
724,2024-12-24,25,Male,UK,Toys,5,127.68,638.4000000000001,Debit Card,2,0
725,2024-12-25,58,Female,Australia,Home,2,88.13,176.26,Debit Card,3,1
726,2024-12-26,56,Male,Germany,Beauty,6,91.22,547.3199999999999,Bank Transfer,2,0
727,2024-12-27,18,Male,France,Sports,3,72.75,218.25,Cash,2,1
728,2024-12-28,20,Male,Canada,Apparel,6,117.2,703.2,Cash,1,1
729,2024-12-29,30,Male,UK,Apparel,9,171.61,1544.4900000000002,Debit Card,2,0
730,2024-12-30,45,Female,Australia,Home,1,48.29,48.29,Credit Card,2,0
731,2024-12-31,66,Female,Australia,Electronics,6,187.54,1125.24,Credit Card,3,0
732,2025-01-01,42,Female,Canada,Electronics,9,140.93,1268.3700000000001,Credit Card,3,0
733,2025-01-02,50,Female,Germany,Beauty,4,166.42,665.68,Cash,4,0
734,2025-01-03,55,Male,Canada,Beauty,2,115.68,231.36,Bank Transfer,1,0
735,2025-01-04,23,Female,Australia,Beauty,4,158.11,632.44,Debit Card,2,0
736,2025-01-05,61,Male,USA,Electronics,1,13.08,13.08,PayPal,1,0
737,2025-01-06,62,Male,UK,Apparel,3,165.49,496.47,Bank Transfer,5,0
738,2025-01-07,49,Male,Canada,Electronics,9,17.63,158.67,PayPal,2,0
739,2025-01-08,62,Male,Australia,Toys,5,179.08,895.4000000000001,Bank Transfer,1,0
740,2025-01-09,64,Male,Germany,Sports,6,198.47,1190.82,Credit Card,4,0
741,2025-01-10,38,Female,Australia,Beauty,3,65.87,197.61,Cash,4,0
742,2025-01-11,33,Female,Germany,Apparel,5,49.96,249.8,PayPal,2,0
743,2025-01-12,38,Female,Canada,Home,8,155.42,1243.36,Bank Transfer,5,1
744,2025-01-13,28,Female,Germany,Home,6,58.08,348.48,Cash,4,0
745,2025-01-14,54,Male,France,Sports,4,174.46,697.84,PayPal,4,0
746,2025-01-15,53,Female,France,Apparel,2,29.54,59.08,Debit Card,5,0
747,2025-01-16,52,Male,France,Electronics,9,33.93,305.37,Bank Transfer,1,0
748,2025-01-17,36,Female,USA,Electronics,1,196.04,196.04,Debit Card,4,0
749,2025-01-18,37,Male,Canada,Toys,1,138.03,138.03,Credit Card,3,0
750,2025-01-19,35,Male,Australia,Toys,4,170.91,683.64,Debit Card,4,0
751,2025-01-20,64,Female,Australia,Electronics,7,71.62,501.34000000000003,Debit Card,1,0
752,2025-01-21,58,Male,USA,Home,1,138.53,138.53,Bank Transfer,1,0
753,2025-01-22,66,Male,Germany,Beauty,9,122.91,1106.19,Credit Card,2,0
754,2025-01-23,31,Female,USA,Home,4,124.6,498.4,Debit Card,3,0
755,2025-01-24,32,Male,Germany,Toys,3,139.68,419.04,Cash,1,0
756,2025-01-25,48,Female,Germany,Sports,1,119.32,119.32,PayPal,5,1
757,2025-01-26,18,Female,UK,Electronics,4,91.52,366.08,Debit Card,3,0
758,2025-01-27,20,Female,Australia,Toys,9,62.43,561.87,Credit Card,3,0
759,2025-01-28,33,Male,France,Toys,6,156.03,936.1800000000001,Debit Card,5,0
760,2025-01-29,40,Male,Germany,Beauty,6,52.99,317.94,PayPal,4,0
761,2025-01-30,28,Male,UK,Electronics,1,141.55,141.55,Credit Card,5,1
762,2025-01-31,29,Female,Australia,Beauty,2,54.33,108.66,Bank Transfer,5,0
763,2025-02-01,27,Male,France,Electronics,6,128.81,772.86,Credit Card,4,0
764,2025-02-02,49,Female,Germany,Beauty,2,151.94,303.88,Bank Transfer,4,0
765,2025-02-03,33,Female,Germany,Home,3,51.56,154.68,Credit Card,4,0
766,2025-02-04,25,Male,USA,Sports,4,21.39,85.56,PayPal,4,1
767,2025-02-05,55,Female,USA,Sports,5,34.89,174.45,PayPal,4,0
768,2025-02-06,29,Male,Australia,Electronics,9,125.14,1126.26,Credit Card,5,1
769,2025-02-07,41,Male,France,Apparel,4,171.39,685.56,Debit Card,2,0
770,2025-02-08,45,Male,Germany,Toys,9,18.55,166.95000000000002,PayPal,2,0
771,2025-02-09,25,Male,Australia,Toys,3,149.49,448.47,Bank Transfer,1,0
772,2025-02-10,45,Male,Australia,Electronics,8,74.85,598.8,Bank Transfer,2,1
773,2025-02-11,53,Female,Canada,Beauty,1,100.92,100.92,Cash,2,0
774,2025-02-12,43,Female,USA,Apparel,9,186.48,1678.32,Bank Transfer,5,0
775,2025-02-13,25,Female,France,Home,9,73.07,657.6299999999999,Cash,4,1
776,2025-02-14,67,Male,Germany,Beauty,2,98.41,196.82,Credit Card,4,0
777,2025-02-15,45,Male,Australia,Beauty,4,12.6,50.4,Credit Card,5,0
778,2025-02-16,45,Male,Germany,Electronics,8,25.5,204.0,Credit Card,2,0
779,2025-02-17,54,Female,Canada,Electronics,7,59.13,413.91,Debit Card,5,0
780,2025-02-18,58,Male,France,Toys,1,15.29,15.29,Debit Card,1,0
781,2025-02-19,53,Female,Australia,Electronics,5,129.96,649.8000000000001,Cash,4,0
782,2025-02-20,44,Female,Germany,Electronics,7,91.02,637.14,Bank Transfer,3,0
783,2025-02-21,34,Male,USA,Electronics,4,114.15,456.6,Bank Transfer,1,0
784,2025-02-22,26,Male,Canada,Toys,1,43.18,43.18,Credit Card,1,0
785,2025-02-23,50,Female,France,Home,9,66.23,596.07,PayPal,5,1
786,2025-02-24,37,Male,Canada,Home,5,136.13,680.65,Debit Card,2,0
787,2025-02-25,30,Female,USA,Electronics,2,193.41,386.82,Debit Card,4,0
788,2025-02-26,45,Male,France,Toys,8,19.58,156.64,Credit Card,3,0
789,2025-02-27,65,Male,Canada,Home,2,179.17,358.34,Debit Card,1,0
790,2025-02-28,46,Female,UK,Beauty,3,119.61,358.83,Credit Card,3,0
791,2025-03-01,30,Male,USA,Home,1,117.14,117.14,Cash,2,0
792,2025-03-02,63,Female,USA,Home,2,105.05,210.1,Bank Transfer,2,0
793,2025-03-03,52,Male,USA,Toys,7,23.18,162.26,PayPal,3,0
794,2025-03-04,23,Female,UK,Beauty,2,27.08,54.16,Bank Transfer,4,0
795,2025-03-05,35,Female,UK,Toys,6,124.17,745.02,Bank Transfer,2,0
796,2025-03-06,68,Male,Germany,Electronics,3,74.78,224.34,Cash,3,0
797,2025-03-07,22,Female,Australia,Sports,4,184.28,737.12,Debit Card,1,0
798,2025-03-08,64,Male,Canada,Home,8,87.25,698.0,PayPal,3,0
799,2025-03-09,42,Male,Germany,Sports,3,37.22,111.66,Debit Card,3,1
800,2025-03-10,19,Male,Canada,Toys,6,145.8,874.8000000000001,Bank Transfer,5,0
801,2025-03-11,27,Female,Australia,Toys,1,65.74,65.74,Credit Card,2,0
802,2025-03-12,47,Female,UK,Toys,7,109.84,768.88,Bank Transfer,4,0
803,2025-03-13,67,Male,Australia,Sports,8,142.59,1140.72,Debit Card,4,0
804,2025-03-14,62,Male,UK,Toys,8,181.05,1448.4,Bank Transfer,5,0
805,2025-03-15,22,Female,Australia,Electronics,3,160.52,481.56000000000006,Credit Card,4,0
806,2025-03-16,50,Male,Germany,Toys,1,138.51,138.51,Cash,3,0
807,2025-03-17,18,Male,France,Apparel,9,139.13,1252.17,Debit Card,5,0
808,2025-03-18,35,Female,Germany,Sports,6,189.73,1138.3799999999999,Bank Transfer,1,0
809,2025-03-19,49,Male,Canada,Apparel,9,66.21,595.89,Debit Card,2,0
810,2025-03-20,64,Female,Germany,Toys,7,10.21,71.47,Cash,2,0
811,2025-03-21,66,Male,USA,Electronics,1,61.67,61.67,Bank Transfer,2,0
812,2025-03-22,28,Female,Canada,Home,1,51.4,51.4,Bank Transfer,3,0
813,2025-03-23,38,Male,Australia,Beauty,6,135.75,814.5,Debit Card,1,0
814,2025-03-24,43,Male,Canada,Beauty,5,130.41,652.05,Debit Card,5,0
815,2025-03-25,42,Female,France,Toys,9,122.76,1104.8400000000001,Credit Card,5,1
816,2025-03-26,39,Male,UK,Electronics,2,13.09,26.18,Cash,2,1
817,2025-03-27,44,Female,Australia,Sports,8,148.47,1187.76,Credit Card,1,0
818,2025-03-28,66,Male,Canada,Apparel,5,71.47,357.35,Bank Transfer,1,0
819,2025-03-29,30,Female,Australia,Apparel,2,136.36,272.72,Debit Card,1,0
820,2025-03-30,50,Female,Australia,Apparel,6,115.75,694.5,Bank Transfer,4,0
821,2025-03-31,51,Female,Australia,Sports,8,75.12,600.96,Bank Transfer,4,0
822,2025-04-01,58,Female,UK,Beauty,4,35.57,142.28,PayPal,2,0
823,2025-04-02,52,Male,Germany,Electronics,2,27.94,55.88,PayPal,1,1
824,2025-04-03,18,Male,Australia,Sports,5,167.99,839.95,Bank Transfer,1,0
825,2025-04-04,38,Female,USA,Apparel,2,184.5,369.0,Debit Card,5,0
826,2025-04-05,65,Female,France,Toys,2,133.46,266.92,Bank Transfer,5,0
827,2025-04-06,23,Female,UK,Home,6,29.65,177.89999999999998,PayPal,2,0
828,2025-04-07,45,Male,Canada,Sports,9,86.39,777.51,Debit Card,1,0
829,2025-04-08,34,Male,UK,Sports,4,148.5,594.0,Bank Transfer,2,0
830,2025-04-09,22,Male,Canada,Electronics,6,158.17,949.02,Cash,5,0
831,2025-04-10,48,Male,UK,Electronics,7,32.46,227.22,Cash,5,0
832,2025-04-11,22,Female,Canada,Sports,6,10.01,60.06,Bank Transfer,4,1
833,2025-04-12,55,Female,Australia,Apparel,8,145.31,1162.48,Debit Card,2,0
834,2025-04-13,20,Female,Germany,Home,4,77.75,311.0,Bank Transfer,2,0
835,2025-04-14,40,Male,Canada,Electronics,1,58.35,58.35,Bank Transfer,1,0
836,2025-04-15,54,Male,Canada,Apparel,7,12.45,87.14999999999999,PayPal,1,0
837,2025-04-16,54,Male,USA,Toys,3,112.66,337.98,Cash,4,0
838,2025-04-17,27,Female,Canada,Electronics,6,171.72,1030.32,PayPal,3,1
839,2025-04-18,27,Female,USA,Apparel,2,191.95,383.9,PayPal,3,0
840,2025-04-19,36,Male,France,Apparel,9,117.49,1057.4099999999999,Bank Transfer,3,1
841,2025-04-20,34,Female,Australia,Home,1,107.75,107.75,PayPal,2,0
842,2025-04-21,38,Male,USA,Home,6,26.16,156.96,Cash,2,0
843,2025-04-22,31,Male,Germany,Toys,6,114.29,685.74,PayPal,5,1
844,2025-04-23,26,Female,Australia,Apparel,5,82.2,411.0,Cash,2,0
845,2025-04-24,63,Male,USA,Beauty,5,125.36,626.8,PayPal,2,0
846,2025-04-25,18,Female,Australia,Apparel,1,83.86,83.86,Cash,2,0
847,2025-04-26,68,Male,Australia,Home,5,55.66,278.29999999999995,PayPal,4,0
848,2025-04-27,62,Female,Australia,Beauty,2,28.04,56.08,PayPal,2,0
849,2025-04-28,30,Female,France,Electronics,7,69.83,488.81,Debit Card,1,1
850,2025-04-29,21,Female,Germany,Electronics,3,28.36,85.08,Cash,1,0
851,2025-04-30,18,Male,UK,Sports,4,43.61,174.44,Cash,5,0
852,2025-05-01,66,Male,UK,Home,3,197.59,592.77,Cash,4,1
853,2025-05-02,57,Female,USA,Sports,3,94.38,283.14,Credit Card,1,0
854,2025-05-03,49,Female,Australia,Beauty,4,111.06,444.24,PayPal,4,0
855,2025-05-04,51,Male,USA,Home,5,175.99,879.95,Cash,4,0
856,2025-05-05,45,Male,France,Toys,1,199.16,199.16,Credit Card,5,0
857,2025-05-06,48,Male,France,Apparel,4,120.72,482.88,Debit Card,4,0
858,2025-05-07,25,Female,Canada,Toys,8,164.37,1314.96,Cash,2,1
859,2025-05-08,56,Male,France,Beauty,7,72.12,504.84000000000003,Cash,4,0
860,2025-05-09,43,Male,Canada,Home,9,68.09,612.8100000000001,Credit Card,5,0
861,2025-05-10,51,Female,Germany,Beauty,5,86.51,432.55,PayPal,5,0
862,2025-05-11,20,Male,USA,Apparel,4,137.78,551.12,Debit Card,5,0
863,2025-05-12,67,Male,Germany,Electronics,8,139.62,1116.96,Cash,1,0
864,2025-05-13,29,Male,France,Electronics,9,69.9,629.1,PayPal,2,0
865,2025-05-14,18,Female,Germany,Beauty,7,35.31,247.17000000000002,Debit Card,1,0
866,2025-05-15,61,Female,Germany,Sports,7,130.16,911.12,Bank Transfer,3,1
867,2025-05-16,22,Female,Germany,Home,5,34.38,171.9,Bank Transfer,2,0
868,2025-05-17,47,Female,France,Home,4,119.91,479.64,Debit Card,4,0
869,2025-05-18,47,Female,Australia,Electronics,1,141.75,141.75,Credit Card,5,1
870,2025-05-19,34,Female,Germany,Toys,7,143.12,1001.84,Debit Card,3,0
871,2025-05-20,65,Female,Canada,Apparel,1,153.16,153.16,Debit Card,2,0
872,2025-05-21,64,Male,France,Toys,1,175.84,175.84,Credit Card,1,0
873,2025-05-22,40,Male,Germany,Toys,5,104.99,524.9499999999999,Credit Card,5,0
874,2025-05-23,32,Female,Australia,Beauty,9,148.75,1338.75,PayPal,1,0
875,2025-05-24,54,Male,France,Electronics,6,127.64,765.84,PayPal,2,0
876,2025-05-25,38,Male,UK,Electronics,3,45.46,136.38,Credit Card,2,0
877,2025-05-26,31,Female,Australia,Electronics,3,14.88,44.64,Bank Transfer,3,0
878,2025-05-27,19,Male,Canada,Beauty,7,64.06,448.42,Bank Transfer,4,0
879,2025-05-28,28,Male,Germany,Sports,6,94.18,565.08,Debit Card,1,0
880,2025-05-29,68,Male,UK,Toys,9,127.25,1145.25,Cash,3,0
881,2025-05-30,56,Male,UK,Beauty,6,171.49,1028.94,Debit Card,5,1
882,2025-05-31,55,Male,France,Home,5,47.29,236.45,Debit Card,4,1
883,2025-06-01,51,Female,UK,Apparel,7,33.85,236.95000000000002,Cash,3,0
884,2025-06-02,55,Female,Canada,Sports,1,193.06,193.06,Credit Card,1,0
885,2025-06-03,67,Female,Canada,Home,7,30.53,213.71,Bank Transfer,2,0
886,2025-06-04,51,Male,USA,Toys,3,100.91,302.73,Debit Card,5,0
887,2025-06-05,35,Female,Canada,Electronics,9,121.26,1091.3400000000001,Cash,1,0
888,2025-06-06,47,Male,Australia,Toys,6,112.86,677.16,PayPal,4,0
889,2025-06-07,32,Male,UK,Beauty,9,26.35,237.15,Debit Card,4,0
890,2025-06-08,44,Male,Canada,Apparel,5,20.84,104.2,Bank Transfer,2,0
891,2025-06-09,68,Male,France,Beauty,7,30.04,210.28,Credit Card,2,1
892,2025-06-10,51,Female,USA,Sports,4,121.26,485.04,Debit Card,5,0
893,2025-06-11,69,Female,UK,Sports,7,113.43,794.01,Debit Card,5,0
894,2025-06-12,55,Male,USA,Apparel,1,54.41,54.41,Cash,2,0
895,2025-06-13,50,Female,UK,Home,7,131.18,918.26,PayPal,2,0
896,2025-06-14,41,Male,France,Home,8,165.81,1326.48,PayPal,4,0
897,2025-06-15,32,Female,USA,Sports,5,17.9,89.5,Credit Card,2,0
898,2025-06-16,47,Female,Germany,Sports,2,104.64,209.28,Bank Transfer,3,0
899,2025-06-17,59,Male,Australia,Electronics,5,140.97,704.85,Credit Card,1,0
900,2025-06-18,68,Female,Australia,Home,6,57.94,347.64,Debit Card,2,1
901,2025-06-19,34,Male,UK,Apparel,2,68.48,136.96,Debit Card,5,1
902,2025-06-20,22,Female,Germany,Home,6,126.59,759.54,PayPal,3,1
903,2025-06-21,46,Male,USA,Electronics,6,180.61,1083.66,Bank Transfer,5,0
904,2025-06-22,21,Male,Germany,Beauty,1,163.89,163.89,Cash,3,0
905,2025-06-23,27,Female,Germany,Sports,1,120.79,120.79,Bank Transfer,2,0
906,2025-06-24,34,Female,USA,Sports,3,148.74,446.22,Debit Card,1,0
907,2025-06-25,27,Male,France,Electronics,3,79.32,237.95999999999998,Cash,5,0
908,2025-06-26,34,Female,Germany,Apparel,4,131.78,527.12,Bank Transfer,3,1
909,2025-06-27,37,Female,Germany,Sports,2,98.57,197.14,Bank Transfer,4,0
910,2025-06-28,41,Male,France,Toys,9,46.09,414.81000000000006,Cash,2,0
911,2025-06-29,22,Male,Germany,Sports,7,143.33,1003.3100000000001,Debit Card,1,0
912,2025-06-30,51,Female,Germany,Toys,7,115.73,810.11,Bank Transfer,2,1
913,2025-07-01,23,Male,Germany,Electronics,6,78.14,468.84000000000003,Cash,4,0
914,2025-07-02,19,Male,Australia,Electronics,3,183.15,549.45,Debit Card,1,1
915,2025-07-03,30,Male,Canada,Sports,6,13.98,83.88,Cash,4,1
916,2025-07-04,60,Female,France,Home,8,70.0,560.0,Cash,2,1
917,2025-07-05,60,Female,Germany,Toys,8,20.81,166.48,Bank Transfer,3,0
918,2025-07-06,65,Male,Australia,Apparel,9,155.64,1400.7599999999998,Debit Card,2,0
919,2025-07-07,28,Female,France,Sports,1,143.4,143.4,Bank Transfer,2,0
920,2025-07-08,68,Male,UK,Apparel,1,72.96,72.96,Credit Card,2,0
921,2025-07-09,64,Female,UK,Sports,3,138.38,415.14,Credit Card,5,0
922,2025-07-10,40,Male,Germany,Home,3,85.23,255.69,Debit Card,4,0
923,2025-07-11,33,Male,Australia,Home,8,153.69,1229.52,Cash,4,1
924,2025-07-12,48,Female,Australia,Home,1,96.29,96.29,Bank Transfer,4,0
925,2025-07-13,28,Male,France,Beauty,2,88.33,176.66,Bank Transfer,5,1
926,2025-07-14,33,Female,France,Home,2,187.6,375.2,Debit Card,3,0
927,2025-07-15,25,Female,Australia,Electronics,3,57.67,173.01,Debit Card,2,0
928,2025-07-16,21,Male,France,Electronics,6,32.88,197.28000000000003,Credit Card,3,1
929,2025-07-17,57,Male,Australia,Beauty,1,121.06,121.06,PayPal,5,0
930,2025-07-18,21,Female,Canada,Toys,2,194.17,388.34,Debit Card,4,0
931,2025-07-19,42,Male,Australia,Apparel,1,81.79,81.79,PayPal,2,0
932,2025-07-20,20,Male,UK,Sports,5,21.79,108.94999999999999,Debit Card,1,0
933,2025-07-21,49,Male,France,Sports,7,74.47,521.29,Cash,1,0
934,2025-07-22,20,Male,Australia,Beauty,8,106.13,849.04,Cash,3,0
935,2025-07-23,44,Male,Australia,Electronics,1,40.77,40.77,Credit Card,4,0
936,2025-07-24,46,Female,France,Sports,7,135.04,945.28,Credit Card,1,0
937,2025-07-25,49,Female,Canada,Electronics,5,199.57,997.8499999999999,PayPal,3,0
938,2025-07-26,67,Male,Canada,Toys,1,95.83,95.83,Debit Card,5,0
939,2025-07-27,68,Male,France,Apparel,3,77.4,232.20000000000002,Bank Transfer,3,0
940,2025-07-28,36,Male,USA,Toys,7,86.13,602.91,Credit Card,3,1
941,2025-07-29,38,Female,France,Beauty,1,31.88,31.88,Bank Transfer,3,0
942,2025-07-30,22,Male,France,Home,7,177.82,1244.74,Bank Transfer,2,0
943,2025-07-31,35,Female,Canada,Home,5,88.82,444.09999999999997,Debit Card,3,0
944,2025-08-01,45,Female,Canada,Home,1,83.58,83.58,PayPal,3,1
945,2025-08-02,59,Female,France,Toys,1,135.34,135.34,Debit Card,2,0
946,2025-08-03,39,Male,France,Sports,1,93.99,93.99,Credit Card,2,0
947,2025-08-04,38,Female,France,Apparel,9,133.16,1198.44,Bank Transfer,5,0
948,2025-08-05,23,Male,Canada,Home,3,21.67,65.01,Debit Card,4,0
949,2025-08-06,18,Female,France,Beauty,5,164.61,823.0500000000001,Debit Card,1,0
950,2025-08-07,22,Male,France,Beauty,9,188.7,1698.3,Debit Card,1,0
951,2025-08-08,58,Female,Germany,Home,6,133.27,799.6200000000001,Credit Card,3,0
952,2025-08-09,29,Male,USA,Home,9,191.37,1722.33,PayPal,5,1
953,2025-08-10,43,Female,UK,Apparel,8,38.77,310.16,Debit Card,3,0
954,2025-08-11,63,Male,USA,Home,8,100.71,805.68,Credit Card,1,0
955,2025-08-12,51,Male,Germany,Apparel,1,124.34,124.34,Bank Transfer,2,0
956,2025-08-13,66,Male,UK,Beauty,9,120.53,1084.77,Cash,4,1
957,2025-08-14,31,Male,France,Home,6,86.28,517.6800000000001,Credit Card,5,1
958,2025-08-15,43,Female,Germany,Toys,9,74.24,668.16,Cash,2,0
959,2025-08-16,62,Female,France,Toys,3,34.1,102.30000000000001,Debit Card,4,0
960,2025-08-17,44,Male,Canada,Beauty,3,84.43,253.29000000000002,Debit Card,5,0
961,2025-08-18,26,Female,Australia,Apparel,6,40.91,245.45999999999998,Credit Card,5,0
962,2025-08-19,43,Male,Germany,Toys,9,149.53,1345.77,Cash,1,0
963,2025-08-20,64,Male,Canada,Apparel,7,49.68,347.76,Debit Card,2,0
964,2025-08-21,39,Female,Germany,Toys,3,21.13,63.39,Bank Transfer,5,0
965,2025-08-22,64,Male,Germany,Toys,3,114.95,344.85,PayPal,5,0
966,2025-08-23,47,Male,Canada,Apparel,2,123.09,246.18,PayPal,4,0
967,2025-08-24,60,Female,UK,Sports,9,175.66,1580.94,Debit Card,1,0
968,2025-08-25,65,Male,USA,Toys,3,119.63,358.89,Cash,3,0
969,2025-08-26,34,Male,France,Home,5,75.64,378.2,Debit Card,1,0
970,2025-08-27,43,Male,Germany,Beauty,9,162.57,1463.1299999999999,Cash,3,0
971,2025-08-28,53,Male,France,Sports,8,112.65,901.2,Bank Transfer,2,0
972,2025-08-29,18,Female,Australia,Apparel,2,25.06,50.12,Cash,2,0
973,2025-08-30,25,Female,Canada,Sports,3,117.51,352.53000000000003,Debit Card,5,0
974,2025-08-31,66,Female,France,Electronics,2,182.52,365.04,Bank Transfer,2,0
975,2025-09-01,52,Male,Canada,Electronics,8,85.3,682.4,Credit Card,5,0
976,2025-09-02,69,Male,France,Toys,6,66.3,397.79999999999995,PayPal,1,0
977,2025-09-03,32,Female,USA,Toys,6,37.26,223.56,Debit Card,2,0
978,2025-09-04,64,Male,USA,Home,9,38.77,348.93,Debit Card,1,1
979,2025-09-05,39,Male,USA,Beauty,8,92.23,737.84,Debit Card,1,0
980,2025-09-06,31,Male,USA,Sports,4,123.18,492.72,Bank Transfer,2,1
981,2025-09-07,43,Male,USA,Electronics,4,25.32,101.28,Credit Card,1,0
982,2025-09-08,45,Female,USA,Toys,9,188.52,1696.68,Cash,2,1
983,2025-09-09,40,Female,Canada,Beauty,1,153.48,153.48,Credit Card,2,0
984,2025-09-10,31,Female,Germany,Sports,2,121.46,242.92,Bank Transfer,2,0
985,2025-09-11,41,Male,France,Toys,2,167.4,334.8,Debit Card,3,0
986,2025-09-12,19,Female,USA,Toys,6,25.24,151.44,PayPal,1,0
987,2025-09-13,62,Female,Canada,Electronics,4,100.6,402.4,Debit Card,4,1
988,2025-09-14,43,Male,Canada,Electronics,3,129.72,389.15999999999997,Cash,2,0
989,2025-09-15,31,Male,Canada,Toys,3,167.44,502.32,PayPal,1,0
990,2025-09-16,68,Female,Germany,Apparel,3,158.86,476.58000000000004,Debit Card,5,0
991,2025-09-17,24,Female,France,Toys,6,62.64,375.84000000000003,PayPal,2,0
992,2025-09-18,20,Female,Germany,Beauty,8,188.77,1510.16,Credit Card,2,1
993,2025-09-19,64,Female,UK,Toys,7,33.63,235.41000000000003,Bank Transfer,4,0
994,2025-09-20,40,Male,Canada,Home,4,176.28,705.12,Debit Card,3,0
995,2025-09-21,63,Female,UK,Home,4,194.48,777.92,Cash,3,0
996,2025-09-22,60,Female,Australia,Home,2,43.66,87.32,Credit Card,2,1
997,2025-09-23,64,Male,USA,Apparel,1,147.19,147.19,Debit Card,1,0
998,2025-09-24,62,Female,USA,Apparel,9,17.65,158.85,Credit Card,5,0
999,2025-09-25,35,Male,Germany,Toys,2,87.03,174.06,Cash,5,0
1000,2025-09-26,55,Male,France,Home,8,108.09,864.72,Debit Card,1,0
